gen,,median_end,p25_end,ruin,goal
"MC v5 (post-2005, 21d)",static 0.8,721664.0934751052,366715.2953821077,0.0525,0.2265
"MC v5 (post-2005, 21d)",static 0.9,785745.7471283248,371938.9397229242,0.063,0.299
"MC v5 (post-2005, 21d)",static 1.0,838318.7568526897,371002.61406266113,0.075,0.3605
"MC v5 (post-2005, 21d)",static 1.1,878735.5269616344,357674.0797110013,0.087,0.4095
"MC v5 (post-2005, 21d)",static 1.2,910171.9693096282,344051.67910093704,0.0965,0.456
"MC v5 (post-2005, 21d)",static 1.3,936189.4606086037,324271.7260365147,0.1115,0.495
"MC v5 (post-2005, 21d)",static 1.4,951894.357113403,294341.26894980937,0.13,0.5175
"MC v5 (post-2005, 21d)",static 1.5,965644.6115023089,264064.3814054673,0.143,0.5495
"MC v5 (post-2005, 21d)",static 1.6,972980.9663489499,237353.01078792475,0.1565,0.5705
"MC v5 (post-2005, 21d)",static 1.7,975831.8194727935,202761.3183137186,0.171,0.586
"MC v5 (post-2005, 21d)",static 1.8,974560.634503077,158206.71707259328,0.1875,0.601
"MC v5 (post-2005, 21d)",static 1.9,966156.8758403873,120228.86983480956,0.2015,0.608
"MC v5 (post-2005, 21d)",static 2.0,948181.1646513819,77499.84036939818,0.2195,0.616
"MC v5 (post-2005, 21d)",static 2.1,922517.5961594436,42342.363428602366,0.2365,0.619
"MC v5 (post-2005, 21d)",static 2.2,883745.8682679192,4944.188198945241,0.2475,0.622
"MC v5 (post-2005, 21d)",static 2.3,831823.9592558658,0.0,0.2645,0.622
"MC v5 (post-2005, 21d)",static 2.4,791952.5253824033,0.0,0.282,0.622
"MC v5 (post-2005, 21d)",static 2.5,730972.8880983694,0.0,0.3005,0.621
"MC v5 (post-2005, 21d)",static 2.6,671681.9168167871,0.0,0.32,0.625
"MC v5 (post-2005, 21d)",A ath: 1.3 +0.4 @-20% +0.7 @-25%,1015324.469785844,373859.89784315083,0.1095,0.528
"MC v5 (post-2005, 21d)",A' ath: 1.3 +0.4 @-15% +0.7 @-20%,1029809.3540163322,352050.45372127846,0.129,0.5405
"MC v5 (post-2005, 21d)",C ath: VT32 + 0.4 @-20%,1134111.4543890902,409240.48025444045,0.1005,0.5715
"MC v5 (post-2005, 21d)",A 52w: 1.3 +0.4 @-20% +0.7 @-25%,991821.7319386981,353041.23161396827,0.111,0.5115
"MC v5 (post-2005, 21d)",A' 52w: 1.3 +0.4 @-15% +0.7 @-20%,993856.5167412234,342330.21614696446,0.124,0.5225
"MC v5 (post-2005, 21d)",C 52w: VT32 + 0.4 @-20%,1109642.4055744945,405109.28193435195,0.1,0.5625
"MC v5 (post-2005, 21d)",A regime: 1.3 +0.4 @-20% +0.7 @-25%,980892.0950147185,356451.2141462288,0.106,0.511
"MC v5 (post-2005, 21d)",A' regime: 1.3 +0.4 @-15% +0.7 @-20%,985876.4060520304,339359.36509446596,0.122,0.519
"MC v5 (post-2005, 21d)",C regime: VT32 + 0.4 @-20%,1090213.4432727215,396075.971384709,0.0985,0.5625
"MC post-2005, 126d",static 0.8,752791.6448384835,361999.8874997668,0.051,0.2185
"MC post-2005, 126d",static 0.9,822900.190783433,371028.8500366025,0.065,0.302
"MC post-2005, 126d",static 1.0,889706.1347500843,374040.39215824945,0.077,0.3655
"MC post-2005, 126d",static 1.1,938805.9260521646,362638.92019487,0.0915,0.418
"MC post-2005, 126d",static 1.2,986001.5468007589,350950.9737335915,0.111,0.4525
"MC post-2005, 126d",static 1.3,1021159.1932278627,335278.94501542294,0.1245,0.489
"MC post-2005, 126d",static 1.4,1054090.6396261433,315849.97823722934,0.134,0.522
"MC post-2005, 126d",static 1.5,1081852.8119940395,295153.5363051857,0.1475,0.5475
"MC post-2005, 126d",static 1.6,1098618.5083305999,262783.6999478692,0.162,0.5655
"MC post-2005, 126d",static 1.7,1114053.2806589585,223975.7181467986,0.171,0.5735
"MC post-2005, 126d",static 1.8,1125475.1381179849,182380.35193617773,0.185,0.5845
"MC post-2005, 126d",static 1.9,1132685.193003611,147026.12131486213,0.194,0.594
"MC post-2005, 126d",static 2.0,1124367.746700985,110505.24563834617,0.206,0.6015
"MC post-2005, 126d",static 2.1,1108574.5510633518,66452.07963788568,0.226,0.609
"MC post-2005, 126d",static 2.2,1085549.5957966521,18743.843467924686,0.2435,0.6135
"MC post-2005, 126d",static 2.3,1050561.9293647236,0.0,0.259,0.6195
"MC post-2005, 126d",static 2.4,1009447.222860516,0.0,0.273,0.6185
"MC post-2005, 126d",static 2.5,965059.6683264693,0.0,0.285,0.6185
"MC post-2005, 126d",static 2.6,913608.2730199993,0.0,0.301,0.6195
"MC post-2005, 126d",A ath: 1.3 +0.4 @-20% +0.7 @-25%,1163859.1956356245,400777.04505297623,0.119,0.542
"MC post-2005, 126d",A' ath: 1.3 +0.4 @-15% +0.7 @-20%,1135914.7694243772,363102.38880011643,0.1305,0.5465
"MC post-2005, 126d",C ath: VT32 + 0.4 @-20%,1320445.7872238718,462155.12433835363,0.1035,0.594
"MC post-2005, 126d",A 52w: 1.3 +0.4 @-20% +0.7 @-25%,1141523.786566976,392360.49240119307,0.121,0.5295
"MC post-2005, 126d",A' 52w: 1.3 +0.4 @-15% +0.7 @-20%,1114251.202100714,352697.44021253276,0.1335,0.5355
"MC post-2005, 126d",C 52w: VT32 + 0.4 @-20%,1301414.3339161132,457881.3024354094,0.103,0.5835
"MC post-2005, 126d",A regime: 1.3 +0.4 @-20% +0.7 @-25%,1142406.4266552152,396256.2250000775,0.1195,0.5285
"MC post-2005, 126d",A' regime: 1.3 +0.4 @-15% +0.7 @-20%,1110121.3560764077,359530.52453145076,0.132,0.5315
"MC post-2005, 126d",C regime: VT32 + 0.4 @-20%,1293559.1841877946,456635.1785219279,0.1,0.583
"MC full pool, 21d",static 0.8,377308.8742332695,82820.95407452242,0.1785,0.15
"MC full pool, 21d",static 0.9,380297.70324234304,55246.58003551967,0.203,0.197
"MC full pool, 21d",static 1.0,374695.29722277,27315.23816131633,0.2285,0.235
"MC full pool, 21d",static 1.1,356795.5206599087,0.0,0.255,0.2745
"MC full pool, 21d",static 1.2,333127.0322619764,0.0,0.285,0.2985
"MC full pool, 21d",static 1.3,305038.60467423685,0.0,0.3135,0.322
"MC full pool, 21d",static 1.4,275891.5708849861,0.0,0.344,0.3405
"MC full pool, 21d",static 1.5,231857.45744346443,0.0,0.3665,0.3555
"MC full pool, 21d",static 1.6,195709.19211429264,0.0,0.3935,0.3705
"MC full pool, 21d",static 1.7,159801.0139498128,0.0,0.416,0.38
"MC full pool, 21d",static 1.8,117019.66779853194,0.0,0.4405,0.393
"MC full pool, 21d",static 1.9,73512.14478611933,0.0,0.463,0.407
"MC full pool, 21d",static 2.0,31004.034999413758,0.0,0.4825,0.4145
"MC full pool, 21d",static 2.1,0.0,0.0,0.508,0.417
"MC full pool, 21d",static 2.2,0.0,0.0,0.527,0.424
"MC full pool, 21d",static 2.3,0.0,0.0,0.548,0.4315
"MC full pool, 21d",static 2.4,0.0,0.0,0.5695,0.433
"MC full pool, 21d",static 2.5,0.0,0.0,0.587,0.4345
"MC full pool, 21d",static 2.6,0.0,0.0,0.6105,0.433
"MC full pool, 21d",A ath: 1.3 +0.4 @-20% +0.7 @-25%,331904.8434252293,0.0,0.3145,0.358
"MC full pool, 21d",A' ath: 1.3 +0.4 @-15% +0.7 @-20%,309609.3443168944,0.0,0.3365,0.3745
"MC full pool, 21d",C ath: VT32 + 0.4 @-20%,442228.58827757795,0.0,0.2675,0.38
"MC full pool, 21d",A 52w: 1.3 +0.4 @-20% +0.7 @-25%,333078.30155342753,0.0,0.3095,0.346
"MC full pool, 21d",A' 52w: 1.3 +0.4 @-15% +0.7 @-20%,306547.7057548199,0.0,0.326,0.361
"MC full pool, 21d",C 52w: VT32 + 0.4 @-20%,439071.3833566095,0.0,0.2605,0.368
"MC full pool, 21d",A regime: 1.3 +0.4 @-20% +0.7 @-25%,336082.6865354623,0.0,0.308,0.3415
"MC full pool, 21d",A' regime: 1.3 +0.4 @-15% +0.7 @-20%,319532.546544139,0.0,0.326,0.358
"MC full pool, 21d",C regime: VT32 + 0.4 @-20%,432414.1042235369,0.0,0.255,0.3675
"MC full pool, 126d",static 0.8,482236.2817063286,151422.8149706553,0.1255,0.173
"MC full pool, 126d",static 0.9,498953.70269845624,129528.25440376863,0.144,0.23
"MC full pool, 126d",static 1.0,512766.58046816534,103608.7780214357,0.169,0.2785
"MC full pool, 126d",static 1.1,514259.2112384975,72303.41605504992,0.2,0.3195
"MC full pool, 126d",static 1.2,510454.5120426193,37733.68706390142,0.226,0.354
"MC full pool, 126d",static 1.3,499766.109543356,0.0,0.2515,0.385
"MC full pool, 126d",static 1.4,483236.0380379751,0.0,0.275,0.406
"MC full pool, 126d",static 1.5,456060.5277540451,0.0,0.297,0.4245
"MC full pool, 126d",static 1.6,426014.6058035671,0.0,0.317,0.4425
"MC full pool, 126d",static 1.7,393657.10349789175,0.0,0.336,0.4565
"MC full pool, 126d",static 1.8,352880.26993793354,0.0,0.354,0.468
"MC full pool, 126d",static 1.9,308360.5111364316,0.0,0.372,0.4775
"MC full pool, 126d",static 2.0,259850.5101226537,0.0,0.3945,0.4875
"MC full pool, 126d",static 2.1,211501.65792690488,0.0,0.411,0.492
"MC full pool, 126d",static 2.2,165555.46651935275,0.0,0.432,0.4985
"MC full pool, 126d",static 2.3,124669.38603294251,0.0,0.4495,0.5025
"MC full pool, 126d",static 2.4,76258.60505757711,0.0,0.4695,0.5075
"MC full pool, 126d",static 2.5,31615.705787228515,0.0,0.487,0.51
"MC full pool, 126d",static 2.6,0.0,0.0,0.5085,0.5135
"MC full pool, 126d",A ath: 1.3 +0.4 @-20% +0.7 @-25%,539697.7007418142,0.0,0.257,0.448
"MC full pool, 126d",A' ath: 1.3 +0.4 @-15% +0.7 @-20%,485682.2918548536,0.0,0.2845,0.442
"MC full pool, 126d",C ath: VT32 + 0.4 @-20%,729426.3719638565,129593.12257933381,0.1905,0.4685
"MC full pool, 126d",A 52w: 1.3 +0.4 @-20% +0.7 @-25%,532778.5490744464,7990.891472649824,0.247,0.422
"MC full pool, 126d",A' 52w: 1.3 +0.4 @-15% +0.7 @-20%,460143.4141903677,0.0,0.2785,0.4195
"MC full pool, 126d",C 52w: VT32 + 0.4 @-20%,722151.2756323594,138046.38401614537,0.179,0.4525
"MC full pool, 126d",A regime: 1.3 +0.4 @-20% +0.7 @-25%,531382.7532233219,9664.848575158412,0.2445,0.4205
"MC full pool, 126d",A' regime: 1.3 +0.4 @-15% +0.7 @-20%,448189.59280289314,0.0,0.278,0.4165
"MC full pool, 126d",C regime: VT32 + 0.4 @-20%,721176.1908399847,143002.08597008305,0.175,0.4505
