batch,floor,mode,pool,median_end,p25,ruin,goal,avg_lev
A900,7000,static 1.3,2005,1246654.2890412342,555302.5254078964,7.1499999999999995,63.6,1.3000000000000238
A900,7000,rec,2005,1473349.9206493502,647207.8798584077,6.550000000000001,69.55,1.4642105869529072
A900,7500,static 1.3,2005,1183867.2760413776,467909.2258338914,9.65,61.8,1.3000000000000236
A900,7000,rec vt28,2005,1424087.909455196,652343.5065634146,5.75,68.55,1.4038619499991907
A900,7500,rec vt28,2005,1354689.844494543,583503.0610305456,7.6499999999999995,66.5,1.4038261448218938
A900,7500,rec,2005,1412921.8981913873,567930.264268621,8.799999999999999,67.60000000000001,1.4642368936566093
A900,8000,static 1.3,2005,1116439.0558364494,378190.92161394854,12.45,59.599999999999994,1.3000000000000231
A900,8000,rec,2005,1350688.5252857618,472728.8372776591,10.299999999999999,65.45,1.4641791818154166
A900,8500,static 1.3,2005,1034233.033260436,275625.22423466376,15.45,56.89999999999999,1.3000000000000227
A900,8000,rec vt28,2005,1301848.0959308613,502125.72913760913,9.65,64.1,1.403807637731074
A900,8500,rec,2005,1268611.5281226886,384992.3805075834,13.200000000000001,63.14999999999999,1.4641080380066411
A900,8500,rec vt28,2005,1227729.3718596024,409186.1213400554,12.4,62.0,1.403723901938731
B760fixed,6500,static 1.3,2005,1073533.9300264611,380337.96663673816,10.6,52.7,1.3000000000000234
B760fixed,6500,rec,2005,1358365.8721790041,476318.32914980705,9.15,60.3,1.4642320562641196
B760fixed,6500,rec max1.4,2005,1211266.1466411387,460089.2903398093,8.75,55.800000000000004,1.3238032814237475
B760fixed,6500,rec vt28,2005,1310021.5393026578,488301.66869891406,8.4,59.0,1.403798788179646
B760fixed,6500,static 1.0,2005,907401.8698617866,409226.4933805454,6.800000000000001,40.1,1.0
C,6500,0 static 1.3,2005,981176.6162093179,366506.5565714822,10.65,50.74999999999999,1.3000000000000234
C,6500,1 + vol target 32% (1.0-1.6),2005,1103484.2101129154,423263.90696640033,9.700000000000001,56.95,1.4552117202150892
C,6500,2 + deep-dip add-on (= recommended),2005,1172440.5778471294,454435.44927246525,9.25,58.95,1.4642348850585087
C,6500,3 + cap 1.8,2005,1206619.4593909648,442232.76880500035,9.85,60.650000000000006,1.5766440388594112
C,6500,4 + cheaper financing 4.6%,2005,1267175.8426208664,479235.4905112313,9.45,62.9,1.5766710225435274
C,6500,"6 + fixed $6,500 (drop 0.7%)",2005,1665633.0247277413,541136.7580966634,9.2,67.15,1.635255012587733
C,6500,5 + RSI2 boost 0.4,2005,1361356.6656803,500062.4015696382,9.25,65.8,1.635263192953721
A900,7000,static 1.3,1999,513566.04585300444,5681.056261527577,24.85,44.9,1.300000000000007
A900,7000,rec,1999,713500.4830714683,103518.50729713104,20.0,50.449999999999996,1.3896803971722935
A900,7000,rec vt28,1999,727058.0767868888,125404.50156585537,19.0,49.05,1.3243450443663123
A900,7500,static 1.3,1999,428508.92905675666,0.0,28.749999999999996,43.0,1.300000000000007
A900,7500,rec,1999,634987.9770207275,18898.227008630078,24.05,48.699999999999996,1.389588822536482
A900,7500,rec vt28,1999,640697.5488312969,46629.70550328652,23.25,47.199999999999996,1.3241865418732277
A900,8000,static 1.3,1999,345190.9939835319,0.0,33.0,40.9,1.3000000000000067
A900,8000,rec,1999,552610.5584621562,0.0,27.650000000000002,47.0,1.3895987517723694
A900,8500,static 1.3,1999,259236.02550271864,0.0,37.6,38.9,1.3000000000000058
A900,8000,rec vt28,1999,557407.7409137033,0.0,26.6,45.5,1.3241797517491884
A900,8500,rec,1999,463263.4416501607,0.0,31.8,45.25,1.3895301704598453
A900,8500,rec vt28,1999,462846.5436375706,0.0,30.45,43.45,1.3240911482979758
B760fixed,6500,rec,1999,541829.4600244885,0.0,25.6,41.199999999999996,1.389611816879364
B760fixed,6500,static 1.3,1999,351287.4562812806,0.0,30.049999999999997,34.55,1.300000000000007
B760fixed,6500,rec vt28,1999,548609.4541230439,17168.882543201034,24.0,39.4,1.3241789430273556
B760fixed,6500,rec max1.4,1999,525296.528940412,0.0,25.1,37.75,1.285484167439994
B760fixed,6500,static 1.0,1999,409193.6257695833,34041.287476177626,22.8,26.85,1.0
C,6500,0 static 1.3,1999,337423.7087941718,0.0,30.15,33.75,1.3000000000000067
C,6500,1 + vol target 32% (1.0-1.6),1999,460288.9482204687,0.0,26.200000000000003,36.4,1.365088993536263
C,6500,2 + deep-dip add-on (= recommended),1999,513639.19020227285,0.0,25.7,39.95,1.3896164759091316
C,6500,3 + cap 1.8,1999,523213.6612154036,0.0,26.05,41.65,1.4660197972190574
C,6500,4 + cheaper financing 4.6%,1999,555108.8121749118,0.0,25.45,42.6,1.466051273410366
C,6500,5 + RSI2 boost 0.4,1999,603042.8591120738,4028.0270910375248,24.8,46.2,1.524562542579259
C,6500,"6 + fixed $6,500 (drop 0.7%)",1999,677667.2533838949,6110.002507170404,24.75,47.349999999999994,1.5245583479839406
