,vol table + dip (2005),flat 1.3 (2005),vol table + dip (1999),flat 1.3 (1999)
Ran out ($0),9.54,11.92,24.18,30.740000000000002
$1 – $250k,8.58,10.059999999999999,13.239999999999998,14.540000000000001
$250k – $500k,8.58,10.299999999999999,11.12,11.1
$500k – $550k,1.7999999999999998,2.1,2.0,1.94
$550k – $600k,2.0,1.8599999999999999,1.66,2.0
$600k – $650k,2.02,1.68,2.08,1.94
$650k – $700k,1.5599999999999998,1.44,1.58,1.44
$700k – $750k,1.54,2.04,1.58,1.54
$750k – $800k,1.5,1.96,2.12,1.32
$800k – $850k,1.7000000000000002,1.4200000000000002,1.54,1.32
$850k – $900k,1.52,1.32,1.34,1.3599999999999999
$900k – $950k,1.7399999999999998,1.34,1.4000000000000001,1.08
$950k – $1000k,1.24,1.4200000000000002,1.0,1.2
$1000k – $1050k,1.66,1.5,1.3,1.04
$1050k – $1100k,1.2,1.72,1.2,1.06
$1100k – $1150k,1.4000000000000001,1.24,1.4000000000000001,1.04
$1150k – $1200k,1.0,1.2,0.88,0.9199999999999999
$1.2M – $1.5M,6.54,6.54,5.56,4.26
$1.5M – $2M,8.98,8.92,6.260000000000001,4.9799999999999995
$2M – $3M,12.98,11.5,6.76,6.239999999999999
Over $3M,22.919999999999998,18.52,11.799999999999999,8.94
