name,pool,y5 median,y5 P10,y5 P25,y5 P75,y5 ran out %,y5 below start %,y5 below 70% of start %,y5 above $1.5M %,y10 median,y10 P10,y10 P25,y10 P75,y10 ran out %,y10 below start %,y10 below 70% of start %,y10 above $1.5M %,yr3 below $600k %
A  no job,2005,928748.2500967713,326594.0751764129,539555.5641000691,1536318.536582572,0.36666666666666664,39.83333333333333,24.46666666666667,25.766666666666666,1299331.5920534572,37255.73628763142,467812.63495948934,2872435.0958035532,8.833333333333334,35.699999999999996,27.266666666666666,45.06666666666666,28.76666666666667
A  no job,1999,656578.9049024857,147652.9812981818,346941.72891786194,1143742.247951598,1.7999999999999998,56.96666666666667,41.06666666666667,15.266666666666667,534912.8878372192,0.0,12381.633976102905,1476620.4907367735,24.133333333333333,57.833333333333336,49.96666666666666,24.6,40.766666666666666
"$2k job, 3 yrs",2005,1047879.1895758879,403266.67483237287,633511.7563651156,1693074.615721987,0.06666666666666667,33.233333333333334,18.133333333333333,30.4,1525225.9220278203,157845.76285418647,625969.7044876309,3210347.425143815,5.733333333333333,29.533333333333335,21.6,50.4,20.599999999999998
"$2k job, 3 yrs",1999,758246.4672777664,213802.15587688773,426820.56437753607,1263462.8064529027,0.5333333333333333,50.2,34.2,18.5,699869.7593140099,0.0,118467.33187279842,1742945.0206995483,18.7,52.06666666666667,44.06666666666666,28.733333333333334,33.06666666666666
"$3k job, 3 yrs",2005,1105376.4085381757,441763.0827478062,676189.0416503958,1773552.4325864566,0.03333333333333333,30.3,15.533333333333331,32.9,1631384.6101081874,225075.84071507867,701041.3338070674,3413538.9713184373,4.366666666666666,27.23333333333333,19.566666666666666,52.96666666666666,17.133333333333333
"$3k job, 3 yrs",1999,805151.7625428259,245343.58653213506,464822.9204650888,1325114.7952929372,0.26666666666666666,47.3,31.2,19.833333333333332,783470.3653913218,0.0,179412.17005690624,1865077.522359227,15.7,49.06666666666666,41.03333333333333,31.2,29.433333333333334
"$3k job, 5 yrs",2005,1184974.4465167169,517217.2203533128,753916.286876106,1862413.0375160663,0.0,25.4,10.766666666666666,36.1,1798749.0234416826,342213.7683347634,814832.0314932908,3650664.8685663706,2.533333333333333,22.866666666666667,15.833333333333332,56.766666666666666,17.133333333333333
"$3k job, 5 yrs",1999,886239.3837034961,319998.1147202903,538203.4682131322,1411029.28530002,0.0,42.46666666666667,24.3,22.466666666666665,912509.198081116,0.0,283102.8739694743,2050465.7425140978,11.866666666666667,45.0,36.56666666666666,34.13333333333333,29.433333333333334
"$3k job, 10 yrs",2005,1184974.4465167169,517217.2203533128,753916.286876106,1862413.0375160663,0.0,25.4,10.766666666666666,36.1,2059009.8012016285,556307.4134253134,1042652.5016822577,3940514.985268099,0.46666666666666673,15.833333333333332,9.266666666666666,62.866666666666674,17.133333333333333
"$3k job, 10 yrs",1999,886239.3837034961,319998.1147202903,538203.4682131322,1411029.28530002,0.0,42.46666666666667,24.3,22.466666666666665,1144024.5254343706,169594.4718003179,502375.0357934075,2304826.1232679808,3.8666666666666667,36.7,26.400000000000002,40.13333333333333,29.433333333333334
"$5k job, 3 yrs",2005,1220179.689746575,517400.5901960409,768158.9231820749,1933481.6000431376,0.0,24.6,10.7,37.9,1861847.988191748,349095.51206941693,852751.387345209,3781920.462056036,2.8666666666666667,21.8,15.233333333333333,57.9,11.733333333333333
"$5k job, 3 yrs",1999,903788.984310607,312763.96705382655,540616.0970523577,1458292.784072995,0.03333333333333333,41.333333333333336,24.4,23.9,942124.2755256651,0.0,293268.2872424938,2118988.717853304,12.066666666666666,44.3,36.1,35.66666666666667,22.966666666666665
