,hist_CAGR,hist_AvgL,static_L_same_risk,MCv5_static_L_same_risk,hist full,hist 2000-08,hist 2009-16,hist 2017-26,"MC v5 (post-2005, 21d)","MC full pool, 21d","MC full pool, 126d",worst,won
1.3 +0.2 at -5% (reset at ATH),0.17733522818735215,1.4580558055805581,1.4728015330562707,1.4510160353876955,-0.047311840247463155,0.06410095388671572,0.056552080020322304,0.019144389071618084,-0.07380155481849227,0.06652849105506509,-0.09093701823973954,-0.09374721421829268,5
1.3 +0.2 at -5% (level),0.1771033505558932,1.4373177317731773,1.4627930892212653,1.4228985993506111,-0.01223552369488401,-0.06367820567810892,0.6091236407300138,0.61819763157967,-0.02093914361135374,0.08861007875317628,-0.025975939721739616,-0.12112419788880002,3
1.3 +0.4 at -5% (reset at ATH),0.1857965808071067,1.616111611161116,1.6500997078732982,1.6049337882923829,-0.14381665129442056,0.11073749247460449,0.11513190183250477,-0.23440480785096862,-0.1593751427046014,0.13107769625522597,-0.17675906378922246,-0.23440480785096862,4
1.3 +0.4 at -5% (level),0.18544238070467767,1.5746354635463544,1.6307441021887832,1.5507868943930097,-0.08393321566690926,-0.14005661597672261,1.1703595250968923,0.8961170247228034,-0.10938705843490659,0.10288733570510689,-0.20905407288829142,-0.3883101085394136,3
1.3 +0.7 at -5% (reset at ATH),0.1954715091960466,1.8531953195319533,1.9132357188739928,1.84048027799357,-0.3151224455525181,0.10125645285024923,0.21157088813340552,-0.7255310929911607,-0.3566761636440069,0.2224777016935693,-0.3640152019881229,-0.7255310929911607,4
1.3 +0.7 at -5% (level),0.19514588834544977,1.7806120612061205,1.8845550027524296,1.7502893068317968,-0.2392177035844767,-0.32391454322880586,1.909124629821088,1.0552900302017443,-0.41697413784541615,0.03961509275519706,-0.583408632020084,-0.8260336923108014,3
1.3 +0.2 at -10% (reset at ATH),0.1831681345058669,1.4440144014401441,1.4440548792508214,1.4107362957045357,0.7033272181922706,0.5862595954716492,0.05655208002027512,2.054999005954028,0.04768529665387933,0.1481207550937974,0.11989441544534296,0.04768529665387933,9
1.3 +0.2 at -10% (level),0.17871089308267507,1.415283528352835,1.4147367745218207,1.362230784859464,0.4282781996684748,0.23027955305645192,1.0625773222831758,1.3812752959397212,0.23049222210152487,0.28988773201446966,0.3005594908583445,0.15256483642691887,9
1.3 +0.4 at -10% (reset at ATH),0.1977555606946373,1.588028802880288,1.5935606951136072,1.5269121998835375,1.33338225487101,1.126949780060159,0.11513190183246869,3.971002901306786,0.06354059716469629,0.3642641294614876,0.38099633276510725,0.06354059716469629,9
1.3 +0.4 at -10% (level),0.18895128928558713,1.5305670567056704,1.536860270000514,1.4317317181293145,0.7577894411956693,0.4064820521136887,2.051395260648778,2.6069300069457846,0.4171622589095675,0.4548407835776411,0.4108565472810258,0.21621464935595303,9
1.3 +0.7 at -10% (reset at ATH),0.21713539420800365,1.804050405040504,1.821136685073333,1.7084136707225848,2.213362815451783,1.8415522520623637,0.21157088813346658,6.618009103468281,-0.17747034902673153,0.45324854270211223,0.5520727348234014,-0.17747034902673153,8
1.3 +0.7 at -10% (level),0.20206191127617523,1.7034923492349234,1.730288798364111,1.546902395282941,1.1017862166484456,0.5807725363340309,3.4650070872621175,4.154687956135067,0.4050105168393159,0.7102611170574189,0.3939185586119012,0.20200308971523584,9
1.3 +0.2 at -15% (reset at ATH),0.1763314097191946,1.4309450945094508,1.4314055862095072,1.373732765023685,0.09329250280156187,0.10121392699596471,0.05655208002035006,1.0464540320249571,0.055383296913533164,0.3090275471609047,0.07788322817729315,-0.10339967568332165,8
1.3 +0.2 at -15% (level),0.17495004285357063,1.4023582358235824,1.395021828020764,1.3234629044141508,0.16914252972929644,0.09439548815809509,1.0475210830465598,0.9775460393241509,0.30200427571273336,0.4989777153118269,0.12198526762690898,0.09439548815809509,9
1.3 +0.4 at -15% (reset at ATH),0.1841208710405522,1.5618901890189019,1.5695030904557854,1.4534721087583673,0.0992524208005302,0.1547772878081645,0.1151319018323993,1.9420807294829256,0.08098044541969829,0.47920299720134035,0.020446519369209104,-0.27453107145623823,8
1.3 +0.4 at -15% (level),0.18155532680331232,1.5047164716471648,1.4988926302222432,1.3532381350629987,0.22280889754871802,0.12875699742593422,2.0022140039198613,1.8486832504212125,0.4800589840883773,0.7460334733117274,0.15426035001629979,0.12875699742593422,9
1.3 +0.7 at -15% (reset at ATH),0.19343529174792762,1.7583078307830786,1.7838152150439588,1.5822175206645304,0.0001450277272996292,0.15965822633278864,0.21157088813346658,3.0330548344217334,0.13958955637843884,0.6182151033416448,-0.1393462909360349,-0.5912201324303201,7
1.3 +0.7 at -15% (level),0.1894806541779075,1.6582538253825383,1.6682101682606836,1.408303607457978,0.1354181065675225,0.07844355523275726,3.333155636200838,2.9589170545629817,0.7824853189928371,1.0444267460404029,0.13563426120317967,0.07844355523275726,9
1.3 +0.2 at -20% (reset at ATH),0.17863976292523542,1.4290729072907293,1.4000811158057356,1.3397321614872453,0.5064829897237499,-0.16595405040825406,0.056552080020308426,2.6717305054756615,0.248442580468905,0.3584628448567634,0.21840522833741632,-0.16595405040825406,8
1.3 +0.2 at -20% (level),0.17755911650687617,1.3952655265526555,1.323573975339532,1.300378772048195,0.8772556928187986,0.2534916664253699,0.549280168389496,1.7097232898290626,0.2883279143129386,0.43395109330727766,0.45108914411291223,0.23195007242500232,9
1.3 +0.4 at -20% (reset at ATH),0.18889392289075868,1.5581458145814582,1.5097167952221553,1.3844060572461832,0.8979822697235684,-0.382932104602287,0.11513190183241317,5.212764170439909,0.3847612687296831,0.6582595761196395,0.3773904225327085,-0.382932104602287,8
1.3 +0.4 at -20% (level),0.18702265421295627,1.4905310531053104,1.3613436970694148,1.3047654825939656,1.5872015392768002,0.4265350334931556,1.0281053897002124,3.3318770746938564,0.6588203735856862,0.855960351158451,0.8179299756927771,0.3218908124418496,9
1.3 +0.7 at -20% (reset at ATH),0.20219022805263642,1.7517551755175518,1.68787491283308,1.459578772996123,1.3095499050891857,-0.7916579173457977,0.21157088813346658,8.832695710529382,0.55414246435119,0.6787271269537611,0.37164914427489093,-0.7916579173457977,8
1.3 +0.7 at -20% (level),0.1997050549649242,1.6334293429342936,1.4398425222560813,1.3179786021351465,2.3815414683193565,0.5285989462584357,1.6705253750776778,5.63742710504877,0.8872817759180279,1.027805211755982,1.2043750590503401,0.2475763349575527,9
1.3 +0.2 at -25% (reset at ATH),0.1751685682353059,1.423204320432043,1.3917747457164895,1.3215928528203142,0.21131917811437473,-0.1144536179332245,0.056552080020322304,1.20964208126903,0.22344149310638273,0.41953490763761564,0.23833720766051752,-0.1144536179332245,8
1.3 +0.2 at -25% (level),0.17626238782854964,1.3887128712871288,1.2952946350861443,1.2940911427302337,0.9266106397818996,0.43869296538817937,0.6070623294534588,0.6515297194978675,0.1437893535305962,0.30269861370662565,0.42192042452615375,0.13380206782067638,9
1.3 +0.4 at -25% (reset at ATH),0.181981689341995,1.5464086408640862,1.4928844844516078,1.347245792366976,0.300421526345121,-0.29050793792369733,0.11513190183238264,2.344438451475228,0.4260473446369456,0.7012033448167767,0.39411816724623794,-0.29050793792369733,8
1.3 +0.4 at -25% (level),0.1845267297896891,1.4774257425742574,1.3072948832301035,1.2901924686757542,1.675910977326725,0.8165339284511532,1.1362526287607477,1.2663010732027302,0.400495356095823,0.6486006257469229,0.701226942114902,0.400495356095823,9
1.3 +0.7 at -25% (reset at ATH),0.19019557972698564,1.7312151215121514,1.6585186962664216,1.391849940139422,0.2546296888033567,-0.6480958566711915,0.2115708881335443,3.9216157656622785,0.5488095415374677,0.8809616433754608,0.4054547932920788,-0.6480958566711915,8
1.3 +0.7 at -25% (level),0.19560207266166918,1.6104950495049506,1.3521030873610425,1.2880501190526379,2.502982130609077,1.2546485900839595,1.8432464973459877,2.1266833414543607,0.6510605897921545,0.9704523863293804,0.8626183058751707,0.6510605897921545,9
"highs 1.0, 1.3 at -5%, 1.5 at -10%",0.17961070673402668,1.3810981098109811,1.4079045291948693,1.3481858402338536,0.5580334290338274,0.6555179530949716,0.13286618319335308,1.6693108817401325,-0.20827443901300646,0.303573339297869,0.15328926601081289,-0.20827443901300646,7
"highs 1.1, 1.3 at -5%, 1.5 at -10%",0.18085709069695044,1.402070207020702,1.4190003340949415,1.3674174110900128,0.6180776814538685,0.6361275207785649,0.10856305631749275,1.892313600271761,-0.11408233319908923,0.26568308045975264,0.23684437197961788,-0.11408233319908923,8
"highs 1.2, 1.3 at -5%, 1.5 at -10%",0.18204300589006706,1.4230423042304228,1.430451593953579,1.388245631262815,0.670005778554178,0.6129753243558065,0.08312510480342761,2.0752036712068653,0.021616410322897184,0.20793992622563928,0.18596744791817554,0.021616410322897184,9
