,hist full,hist 2000-08,hist 2009-16,hist 2017-26,"hist full, 1-day late","MC v5 (post-2005, 21d)","MC post-2005, 126d","MC full pool, 21d","MC full pool, 126d",worst,won
RSI2<2 1.3+0.6 5d,0.01789537268485053,0.007969531488788144,-0.0032628033019530545,-0.00029394764732959544,0.018298627571459142,0.0007149620795280365,-0.00314551464060836,0.005932688585043727,0.004891377686569151,-0.0032628033019530545,6
RSI2<3 1.3+0.6 5d,0.027825167570939474,0.021386361072574224,0.018824909557079827,0.0023099295500872974,0.021045347545579574,0.009635466142680016,0.005890366832771721,0.011975292155169237,0.011132336388303396,0.0023099295500872974,9
RSI2<5 1.3+0.6 5d,0.0324651364065332,0.0350135903862539,0.009533520314167654,0.01593182399495735,0.03953360023713812,0.00588174550253151,0.006018382048826626,0.015273565133970324,0.017336551771635192,0.00588174550253151,9
RSI2<7 1.3+0.6 5d,0.005656286022621304,0.017752738661895757,0.00541911974333012,-0.013746108086138076,0.013727733818316379,-0.005368080590415852,-0.006912248692679479,0.00750875000407672,0.004267040538587508,-0.013746108086138076,6
RSI2<10 1.3+0.6 5d,-0.0060046083127256455,0.010101784978877773,-0.004242602244704824,-0.019794683841732552,0.006824091083743433,-0.005932510587993073,-0.010259342892123546,0.0012279185869864817,-0.0008353448095916177,-0.019794683841732552,3
RSI2<5 1.3+0.6 2d,0.021649229643627116,0.018587375149775272,-0.00010436116068224255,0.03040251664260618,0.007762820946680349,0.009800441261438558,0.009377146418438842,0.014529621891371455,0.01652800948287915,-0.00010436116068224255,8
RSI2<5 1.3+0.6 3d,0.018805740258840548,0.01567434182572311,0.023929332530176678,0.015601748856292508,0.018822226239951168,0.005972108614727134,0.00791898848644182,0.007829206467942995,0.012159877281267495,0.005972108614727134,9
RSI2<5 1.3+0.6 8d,0.040207812925012965,0.05391984707022416,0.02001345908711563,-0.01673062824736432,0.014082111992820445,0.004399370369077588,0.007294393216295186,0.014444289704715937,0.020611896745231992,-0.01673062824736432,8
RSI2<5 1.3+0.6 12d,0.01927733666607301,0.030574939294814724,0.0294026814075741,-0.019811763865637655,0.01147454188605923,0.00019790825565441095,0.0012447327278165554,0.006346892805918783,0.007786647726761145,-0.019811763865637655,8
2d drop>=4% 1.3+0.6 5d,-0.010982662506159174,-0.0016978282661815475,0.04685305035383355,-0.0018515657805388552,-0.007110948302172432,-0.008471560132771866,-0.005650799363337067,-0.008774044094875907,-0.012977064880277986,-0.012977064880277986,1
3d drop>=5% 1.3+0.6 5d,0.005718645509315723,0.013789664959518541,0.03403709522663506,0.025385834912379057,0.0008823613922482598,-0.0011060000221110866,0.0028634082296330465,0.004684580282418277,0.0038785834199513286,-0.0011060000221110866,8
3d drop>=7% 1.3+0.6 5d,0.0049846216604913784,0.015952523942970774,0.010611687565276806,0.001156389164865712,-0.010997943292373136,-0.0057922155382568175,-0.0023273737552955975,0.006325626222609293,0.004730186288829985,-0.010997943292373136,6
5d drop>=6% 1.3+0.6 5d,-0.004015949317831724,0.014189369933712698,0.0288231135646127,0.010298398403968234,-0.004198317053485279,-0.0031305926050512467,-0.0006235024129057076,-0.0016843316790063761,8.342113307364951e-05,-0.004198317053485279,4
5d drop>=8% 1.3+0.6 5d,0.012095581529908833,0.018243342359025104,0.009953310456687514,-0.0027634767836950402,0.0016210489785921656,-0.0014347262456727572,-0.0028373662808894307,0.008242448540882769,0.007702265879300202,-0.0028373662808894307,6
"VT28 [1,1.6] +RSI2 0.2",0.024991309082304958,0.01278772820571996,-0.017667339441701624,0.0062379146451373435,0.024625798926298126,0.013695561333344042,0.01817229311155688,0.015222596102241262,0.023263452214490513,-0.017667339441701624,8
"VT28 [1,1.6] +RSI2 0.4",0.035576378033922385,0.025337168868533655,-0.014930995783070888,0.012273818384617996,0.03852148592029647,0.016022252047063923,0.019694868682027022,0.02035408052825856,0.02952299250302763,-0.014930995783070888,8
"VT28 [1,1.6] +RSI2 0.6",0.04352310095695425,0.03396515445963433,-0.012102964190149557,0.019844747060593748,0.048522733202704976,0.018546122346788152,0.020895012110394934,0.026119814396222032,0.03364074292410421,-0.012102964190149557,8
"VT32 [1,1.6] +RSI2 0.2",0.030412679568059126,0.015487024485511397,-0.007352740665355961,0.00554788421058966,0.030640266205173405,0.014126522501623995,0.018429999066244485,0.01788597879363596,0.02691017252209825,-0.007352740665355961,8
"VT32 [1,1.6] +RSI2 0.4",0.04029621809011291,0.02699774506574288,-0.0045562886270390235,0.010690520184817864,0.044000932604568305,0.01657085620407933,0.020546476593293256,0.02270691422092555,0.03277787098004213,-0.0045562886270390235,8
"VT32 [1,1.6] +RSI2 0.6",0.04877838706612228,0.03696878650829206,-0.00015833220674973947,0.01681277110503504,0.05312500915166993,0.017399854842874346,0.020609659883845693,0.027592620949518767,0.03717713209760515,-0.00015833220674973947,8
"VT36 [1,1.6] +RSI2 0.2",0.026252473090183387,0.013165184859137327,-0.005862023427091412,-0.006336229582748376,0.027656520901593068,0.01374693875961236,0.014329949667311492,0.01757936892472861,0.025710129707405188,-0.006336229582748376,7
"VT36 [1,1.6] +RSI2 0.4",0.03671791715841502,0.02578846601596812,-0.002149167445143485,-0.0008187514020090436,0.040918136391748905,0.015649551427058067,0.01633860130212489,0.02302712955743827,0.031692443601324005,-0.002149167445143485,7
"VT36 [1,1.6] +RSI2 0.6",0.0453585721128002,0.03432320566636946,0.006945360835591857,0.006501283478250686,0.04888422985406332,0.016661559416412036,0.01689093097617886,0.02657916748629406,0.03575550942005311,0.006501283478250686,9
