start,floor,pct,mode,pool,median_end,p10,p25,ruin,ruin5,below_start,goal,avg_lev
760000,5000,0.007,static 1.2,2005,1095290.403010164,270254.238341408,600392.1394149482,2.5,0.05,33.550000000000004,53.1,1.1999999999999886
760000,5000,0.007,static 1.0,2005,1010913.140468118,331532.608784667,615238.176415527,1.25,0.0,34.150000000000006,42.65,1.0
760000,5000,0.007,static 1.0,1999,619707.1574964446,13093.357545802655,255531.3200491084,9.35,0.05,59.05,28.9,1.0
760000,5000,0.007,static 1.3,2005,1135054.7490143431,234368.3467569734,583104.5291952349,3.95,0.05,33.550000000000004,56.65,1.3000000000000242
760000,5000,0.007,static 1.2,1999,585307.5472122229,0.0,174964.01847466893,14.7,0.2,58.9,35.3,1.2000000000000042
760000,5000,0.007,static 1.3,1999,561543.0661254493,0.0,133835.34454187326,17.2,0.4499999999999999,59.55,38.35,1.3000000000000074
760000,5000,0.007,static 1.4,2005,1166910.929905483,189635.92988985247,562531.7752152365,4.75,0.2,33.650000000000006,59.25,1.400000000000054
760000,5000,0.007,static 1.4,1999,531559.4072817883,0.0,91399.46630329354,20.15,0.95,60.45,40.0,1.400000000000048
760000,5000,0.007,static 1.5,2005,1194385.8959181118,149240.77099039865,538848.2490918756,5.55,0.25,34.150000000000006,62.05,1.5
760000,5000,0.007,static 1.5,1999,492982.4237914903,0.0,47553.57313888622,22.75,1.7999999999999998,61.05,41.65,1.5
760000,5000,0.007,rec max1.4,2005,1239349.5307805436,293779.76987605274,646713.032322128,2.45,0.05,29.5,59.7,1.3238448953631394
760000,5000,0.007,rec max1.4,1999,707717.8438132529,0.0,242149.46035943835,13.1,0.25,52.400000000000006,41.25,1.2855871523638047
760000,5000,0.007,rec max1.6,2005,1321865.446771196,278462.04855646385,657677.281568034,3.0,0.1,28.85,64.95,1.4642976883028078
760000,5000,0.007,rec max1.6,1999,733029.8714166384,0.0,224853.38714676467,13.8,0.35,51.0,44.35,1.389727991805466
760000,5000,0.007,rec max1.8,2005,1363720.2605731683,265917.1248173751,649444.705707622,3.5000000000000004,0.1,29.2,66.60000000000001,1.5769353775013737
760000,5000,0.007,rec max1.8,1999,741180.1132235364,0.0,211477.42402140945,14.3,0.4,50.9,46.05,1.466186464211993
760000,5000,0.007,rec vt28 max1.6,1999,732733.4427854961,0.0,249794.82366509392,12.55,0.25,51.6,42.2,1.32437048961088
760000,5000,0.007,rec vt28 max1.6,2005,1285742.0336194248,304102.46530051884,665946.186067491,2.45,0.05,28.95,62.55,1.4039368998983115
760000,5500,0.007,static 1.0,2005,980385.581029035,253456.81884642367,562184.8835582798,2.3,0.0,37.3,41.15,1.0
760000,5500,0.007,static 1.2,2005,1059054.075405452,187091.36717758965,539864.6842677282,4.65,0.05,36.4,51.74999999999999,1.1999999999999886
760000,5500,0.007,static 1.0,1999,555262.2205468079,0.0,189339.450601478,13.35,0.1,61.150000000000006,27.800000000000004,1.0
760000,5500,0.007,static 1.2,1999,522992.0154683065,0.0,105678.75696161704,19.1,0.4,61.2,33.900000000000006,1.200000000000004
760000,5500,0.007,static 1.3,1999,493453.6420625214,0.0,60952.468098938974,21.55,0.95,61.45,36.8,1.3000000000000074
760000,5500,0.007,static 1.3,2005,1091097.1340661123,147879.98376563494,526490.2288449127,5.5,0.2,36.25,55.1,1.300000000000024
760000,5500,0.007,static 1.4,2005,1121312.561016052,115491.4312075048,504978.2596105037,6.45,0.25,36.45,58.05,1.400000000000054
760000,5500,0.007,static 1.4,1999,465475.89155080577,0.0,24823.06359788173,24.05,1.7999999999999998,62.150000000000006,38.6,1.400000000000048
760000,5500,0.007,static 1.5,1999,427647.57603863947,0.0,0.0,25.9,3.05,62.7,40.3,1.5
760000,5500,0.007,rec max1.4,2005,1195611.9506737646,219676.88989297464,592884.4847460758,4.15,0.1,32.2,57.8,1.3238472902010257
760000,5500,0.007,rec max1.4,1999,638112.6173654089,0.0,169162.36111315255,16.650000000000002,0.5,54.50000000000001,39.8,1.2856372027945442
760000,5500,0.007,rec max1.6,2005,1285779.7438362732,204304.7373638075,592081.5817370468,4.7,0.15,30.95,63.1,1.464262744497141
760000,5500,0.007,rec max1.6,1999,671060.1388709303,0.0,152004.29709503485,17.25,0.6,53.6,43.1,1.3897802476698995
760000,5500,0.007,rec max1.8,2005,1318704.7792300135,187053.89670811928,585628.834369513,5.45,0.15,31.0,64.95,1.5768189441842324
760000,5500,0.007,rec max1.8,1999,678708.4446387811,0.0,145066.18484434206,18.2,0.8999999999999999,53.05,44.65,1.4662106919185958
760000,5500,0.007,rec vt28 max1.6,2005,1234349.958457916,233957.7697024507,610918.4325034833,4.05,0.1,30.75,61.150000000000006,1.4039438780559743
760000,5500,0.007,rec vt28 max1.6,1999,678694.4923330899,0.0,175991.0767261556,16.05,0.4499999999999999,53.5,41.05,1.3244092853913283
760000,6000,0.007,static 1.2,2005,1009435.9999540536,105240.52750363824,467503.1660708155,6.4,0.2,39.2,49.9,1.1999999999999889
760000,6000,0.007,static 1.0,1999,485061.933214234,0.0,111651.06647070548,18.1,0.15,64.1,26.450000000000003,1.0
760000,6000,0.007,static 1.2,1999,449882.59753862827,0.0,33457.3583400377,23.3,0.95,63.5,32.6,1.2000000000000046
760000,6000,0.007,static 1.3,2005,1040173.1097878984,71122.95119130786,454324.6941769411,7.6,0.25,38.7,53.0,1.3000000000000238
760000,6000,0.007,static 1.3,1999,426629.79330054007,0.0,0.0,25.5,1.7500000000000002,63.65,35.0,1.3000000000000074
760000,6000,0.007,static 1.4,2005,1067191.6047906578,33223.11153727822,430215.121842577,9.05,0.4499999999999999,38.85,56.25,1.400000000000054
760000,6000,0.007,static 1.4,1999,389943.0829064274,0.0,0.0,27.950000000000003,3.05,64.25,36.95,1.4000000000000472
760000,6000,0.007,static 1.5,2005,1086327.81570801,0.0,403432.12970624864,10.3,0.7000000000000001,39.0,59.150000000000006,1.5
760000,6000,0.007,static 1.5,1999,349034.0458238651,0.0,0.0,30.2,4.3,65.2,38.5,1.5
760000,6000,0.007,rec max1.4,2005,1146154.4337545778,131619.07126343597,520968.0158762979,6.0,0.25,34.599999999999994,56.10000000000001,1.323771892734522
760000,6000,0.007,rec max1.4,1999,564950.1738581699,0.0,90330.99140460294,19.950000000000003,1.1,57.1,38.35,1.2855398155462836
760000,6000,0.007,rec max1.6,1999,586177.403227204,0.0,76416.0101201233,20.95,1.4500000000000002,56.00000000000001,41.95,1.3896409503554443
760000,6000,0.007,rec max1.8,2005,1261425.8259369,96644.68734944129,515868.3026577967,7.8,0.35,33.25,63.45,1.57673705445972
760000,6000,0.007,rec max1.8,1999,604148.3548861719,0.0,60379.346954469205,22.3,1.7999999999999998,55.60000000000001,43.2,1.4661107041551915
760000,6000,0.007,rec vt28 max1.6,2005,1193984.5191988489,138047.9642344488,539335.9026857865,6.25,0.2,33.75,59.05,1.403845844211464
760000,6000,0.007,rec vt28 max1.6,1999,598111.5502696452,0.0,90718.36872311294,19.65,0.8500000000000001,55.900000000000006,39.6,1.324301831333533
760000,6500,0.007,static 1.0,2005,870862.9829985263,91461.38338765487,404926.41016457777,6.800000000000001,0.05,44.75,36.85,1.0
760000,6500,0.007,static 1.0,1999,399326.6371496257,0.0,33137.43594145641,22.95,0.35,67.35,24.7,1.0
760000,6500,0.007,static 1.2,2005,948816.8732486692,21281.685298136632,386003.3751330549,9.3,0.25,43.15,47.45,1.199999999999989
760000,6500,0.007,static 1.2,1999,358653.35771690484,0.0,0.0,27.55,1.7000000000000002,66.0,30.95,1.2000000000000042
760000,6500,0.007,static 1.3,2005,981176.616209318,0.0,366506.5565714822,10.65,0.4499999999999999,42.4,50.74999999999999,1.3000000000000234
760000,6500,0.007,static 1.3,1999,337423.7087941718,0.0,0.0,30.15,2.95,66.14999999999999,33.75,1.3000000000000067
760000,6500,0.007,static 1.4,2005,1005693.0647076984,0.0,342213.31118398975,12.3,0.7000000000000001,42.0,53.8,1.4000000000000534
760000,6500,0.007,static 1.4,1999,305906.7064806384,0.0,0.0,32.95,4.45,66.4,35.4,1.4000000000000463
760000,6500,0.007,static 1.5,2005,1021098.1535339784,0.0,311497.44681566337,13.55,1.1,42.0,56.7,1.5
760000,6500,0.007,static 1.5,1999,268721.33800748247,0.0,0.0,35.9,6.3,66.9,37.15,1.5
760000,6500,0.007,rec max1.4,1999,492282.5976753312,0.0,0.0,25.1,1.95,60.45,36.2,1.2854785926728665
760000,6500,0.007,rec max1.6,1999,513639.1902022729,0.0,0.0,25.7,2.4,59.150000000000006,39.95,1.3896164759091316
760000,6500,0.007,rec max1.6,2005,1172440.5778471294,37494.98278845171,454435.44927246525,9.25,0.35,35.9,58.95,1.4642348850585087
760000,6500,0.007,rec max1.8,2005,1206619.4593909648,15374.625336941162,442232.7688050004,9.85,0.5,35.55,60.650000000000006,1.5766440388594112
760000,6500,0.007,rec max1.8,1999,523213.6612154036,0.0,0.0,26.05,2.7,58.25,41.65,1.4660197972190574
760000,6500,0.007,rec vt28 max1.6,2005,1128607.918234115,57425.25817442944,465760.2590562418,8.4,0.35,36.5,57.1,1.4037952414080406
760000,6500,0.007,rec vt28 max1.6,1999,512159.5457310631,0.0,15705.192348545024,24.1,1.65,59.2,37.75,1.3241607874800163
900000,3500,0.007,static 1.0,2005,1239109.6517371377,567520.5976501465,822741.2107766104,0.0,0.0,30.0,58.85,1.0
900000,3500,0.007,static 1.0,1999,848974.0214732366,263498.7996799994,508585.9175957424,0.95,0.0,53.65,41.3,1.0
900000,3500,0.007,static 1.2,2005,1354124.6439553525,514871.837514258,822785.5605433122,0.2,0.0,28.85,67.5,1.1999999999999884
900000,3500,0.007,static 1.2,1999,839223.5737066697,169427.1988307809,432008.8100226348,3.15,0.0,53.6,48.75,1.2000000000000044
900000,3500,0.007,static 1.3,2005,1404505.4013852435,488421.8896748747,814705.1144165747,0.35,0.0,28.75,70.5,1.3000000000000245
900000,3500,0.007,static 1.4,2005,1456162.8020188543,457820.7466307021,803777.0348801363,0.5499999999999999,0.0,29.05,72.75,1.4000000000000543
900000,3500,0.007,static 1.4,1999,801078.622693266,92595.41999556364,355761.61158382485,5.9,0.05,54.7,53.75,1.4000000000000496
900000,3500,0.007,static 1.5,2005,1503344.333617125,423503.6624433857,785786.6960300903,0.8,0.0,29.45,74.45,1.5
900000,3500,0.007,static 1.5,1999,779275.9146933465,43781.958284096654,314127.95633049303,7.9,0.1,55.400000000000006,55.55,1.5
900000,3500,0.007,rec max1.4,2005,1530971.3843440115,549294.0829632529,885269.7451404001,0.25,0.0,25.75,73.25,1.3238572722102218
900000,3500,0.007,rec max1.4,1999,954101.558760554,196791.15154900687,493915.4831908946,2.8000000000000003,0.0,47.55,55.65,1.2856460913082686
900000,3500,0.007,rec max1.6,2005,1643638.3018974073,541245.7157892598,906420.9755634712,0.3,0.0,24.85,76.75,1.4643048159610372
900000,3500,0.007,rec max1.6,1999,994749.487552861,186813.8867967215,487299.7443005042,3.25,0.0,45.9,58.35,1.3896898126716075
900000,3500,0.007,rec max1.8,2005,1691270.2884730557,519442.8161811961,902053.00776362,0.3,0.0,24.9,78.55,1.5769006533633634
900000,3500,0.007,rec max1.8,1999,1003696.5989200722,177127.95986124588,479859.53915727686,3.85,0.0,45.6,59.95,1.4660835294081531
900000,3500,0.007,rec vt28 max1.6,2005,1591353.162209747,560520.7479997226,906128.1362968888,0.3,0.0,24.55,75.64999999999999,1.40396792687558
900000,3500,0.007,rec vt28 max1.6,1999,973377.097743185,213940.94044870083,509960.1245259425,2.5,0.0,45.75,56.8,1.3242481549073934
900000,3500,0.0,static 1.0,1999,1274064.8699052555,347627.16710656456,686572.2633378161,0.5,0.0,35.099999999999994,59.2,1.0
900000,3500,0.0,static 1.2,2005,2234176.6021546274,687896.0376372176,1229780.546852741,0.15,0.0,13.900000000000002,80.45,1.1999999999999886
900000,3500,0.0,static 1.2,1999,1250673.773208846,238285.53484020825,587686.5086459485,2.0500000000000003,0.0,38.0,62.35000000000001,1.2000000000000044
900000,3500,0.0,static 1.3,2005,2321423.950696493,648536.6537444151,1215821.4037155372,0.3,0.0,14.75,81.3,1.3000000000000245
900000,3500,0.0,static 1.3,1999,1228097.4707377008,186636.08105754948,532662.4220786322,3.4000000000000004,0.0,39.75,63.05,1.3000000000000085
900000,3500,0.0,static 1.4,2005,2397143.576448149,607252.4806027539,1193524.514261746,0.5,0.0,15.7,81.85,1.4000000000000543
900000,3500,0.0,static 1.4,1999,1191250.3033690697,136877.49277588166,477163.229790883,4.95,0.05,41.2,63.9,1.40000000000005
900000,3500,0.0,static 1.5,2005,2462443.5417340286,558910.9551114702,1173687.1603251626,0.6,0.0,16.7,81.95,1.5
900000,3500,0.0,static 1.5,1999,1147474.0430861288,88735.5440313063,415469.1625167384,6.15,0.1,42.55,64.35,1.5
900000,3500,0.0,rec max1.4,2005,2522965.216926157,752462.9848338236,1337128.3506590065,0.2,0.0,13.0,83.5,1.323860996134917
900000,3500,0.0,rec max1.4,1999,1468241.4747287887,271961.58346772817,684375.3438658855,2.0,0.0,33.300000000000004,67.60000000000001,1.2856355367857617
900000,3500,0.0,rec max1.6,2005,2752722.466482034,736433.849835685,1384938.3873059363,0.3,0.0,12.85,85.2,1.4643088010385847
900000,3500,0.0,rec max1.6,1999,1513664.0344337749,258518.57226286043,681351.2304407575,2.35,0.0,32.75,69.1,1.3896841579790054
900000,3500,0.0,rec max1.8,1999,1546518.1283349986,240722.70825145548,662032.9997068933,2.7,0.0,33.050000000000004,70.1,1.4660768212764077
900000,3500,0.0,rec vt28 max1.6,2005,2653118.064531438,777919.860627923,1387613.5345892848,0.25,0.0,12.4,84.35000000000001,1.4039755610400528
900000,3500,0.0,rec vt28 max1.6,1999,1511693.7984171058,282769.02772972675,710847.5301754097,1.9,0.0,32.1,68.4,1.3242450218990949
900000,4000,0.007,static 1.0,2005,1239109.6517371377,550704.4402178066,819264.9009132411,0.15,0.0,30.5,58.75,1.0
900000,4000,0.007,static 1.0,1999,842296.2304883644,228534.4000977441,484783.30743034015,1.6,0.0,53.85,41.15,1.0
900000,4000,0.007,static 1.2,2005,1352476.1465001674,496770.0132544597,814884.8814582224,0.35,0.0,29.35,67.5,1.1999999999999886
900000,4000,0.007,static 1.2,1999,827425.8003001196,133563.41705410785,408911.6892677046,4.7,0.0,54.05,48.45,1.2000000000000044
900000,4000,0.007,static 1.3,2005,1404369.482537406,464351.8465790748,806866.8282581263,0.5499999999999999,0.0,29.25,70.05,1.3000000000000245
900000,4000,0.007,static 1.3,1999,806685.240025074,89200.98365705043,366488.7228168781,5.949999999999999,0.05,54.400000000000006,51.05,1.300000000000008
900000,4000,0.007,static 1.4,2005,1453882.9524372965,428443.1565720576,789602.9754552607,0.8999999999999999,0.0,29.6,72.45,1.4000000000000543
900000,4000,0.007,static 1.4,1999,786567.1195777638,35999.42263186127,324203.7640985674,8.4,0.1,55.3,53.3,1.40000000000005
900000,4000,0.007,static 1.5,2005,1497993.8406283425,390985.70853911416,768411.3249669665,1.05,0.05,29.85,74.25,1.5
900000,4000,0.007,static 1.5,1999,762445.7967867958,0.0,278652.2494219108,10.6,0.2,56.15,55.1,1.5
900000,4000,0.007,rec max1.4,1999,950781.9501881322,156365.2888929634,471498.8122925565,4.2,0.0,47.85,55.400000000000006,1.2856382651640692
900000,4000,0.007,rec max1.6,2005,1637120.470262519,517677.8959329828,897362.4266910991,0.4499999999999999,0.0,25.1,76.64999999999999,1.4643152282105285
900000,4000,0.007,rec max1.6,1999,987014.4182239574,144263.34570918675,463478.1617596063,4.55,0.0,46.45,58.05,1.389671652647598
900000,4000,0.007,rec max1.8,2005,1678592.257221466,496401.09393707576,892347.8267410441,0.65,0.0,25.25,78.4,1.576899843776158
900000,4000,0.007,rec max1.8,1999,995527.6669046864,134668.46934780324,446839.7731234335,5.1,0.05,46.150000000000006,59.6,1.4660933392216278
900000,4000,0.007,rec vt28 max1.6,2005,1585165.0134398814,551149.6026488713,893535.8527807186,0.3,0.0,25.25,75.55,1.403961806896017
900000,4000,0.007,rec vt28 max1.6,1999,968081.0753211462,175489.10778962242,487908.45241105824,4.05,0.0,46.2,56.6,1.3242851109471545
900000,4000,0.0,static 1.0,2005,1918785.2921817848,695576.4515334734,1151800.0558641003,0.1,0.0,14.85,75.8,1.0
900000,4000,0.0,static 1.0,1999,1185416.65282849,282929.2461890298,612129.1982354182,1.3,0.0,38.25,55.95,1.0
900000,4000,0.0,static 1.2,2005,2119290.687007812,620170.6991272804,1141997.327649685,0.35,0.0,16.150000000000002,78.4,1.1999999999999886
900000,4000,0.0,static 1.2,1999,1149893.6829854983,175616.68117257068,510814.4177399444,3.8,0.0,40.8,59.4,1.2000000000000044
900000,4000,0.0,static 1.3,2005,2202935.5115704504,580587.7235257698,1126980.013394708,0.5499999999999999,0.0,17.25,79.05,1.3000000000000245
900000,4000,0.0,static 1.3,1999,1124795.3005122766,118778.70221766752,456166.469879014,5.25,0.05,42.15,60.650000000000006,1.300000000000008
900000,4000,0.0,static 1.4,2005,2282557.6263644923,537262.3089866148,1108843.6356014227,0.75,0.0,18.2,79.5,1.4000000000000543
900000,4000,0.0,static 1.5,2005,2352102.557768672,493753.5756026018,1084000.2203459654,1.05,0.0,19.75,80.15,1.5
900000,4000,0.0,static 1.5,1999,1040193.76225625,19434.92765304991,349326.0952467425,9.5,0.15,45.2,62.2,1.5
900000,4000,0.0,rec max1.4,2005,2389269.16390176,683842.1481130101,1238490.6387563876,0.3,0.0,14.7,81.75,1.3238532353558694
900000,4000,0.0,rec max1.4,1999,1372147.8036103165,206946.1317892661,608586.0216936611,3.3000000000000003,0.0,35.65,64.64999999999999,1.2856600043748156
900000,4000,0.0,rec max1.6,2005,2602847.490233612,662208.4932313813,1271268.211187525,0.35,0.0,14.75,83.25,1.4643102040585485
900000,4000,0.0,rec max1.6,1999,1406689.012888843,192628.79776827368,606883.1127223263,3.65,0.0,35.75,66.7,1.389705387141141
900000,4000,0.0,rec max1.8,2005,2687154.3426921368,642463.5980895195,1276703.0782636534,0.4,0.0,15.5,83.95,1.5769199305973096
900000,4000,0.0,rec max1.8,1999,1442153.6761491387,179610.582009974,582036.6313450165,4.3,0.05,35.85,67.75,1.466086409460179
900000,4000,0.0,rec vt28 max1.6,2005,2524229.0109019373,700701.6567054237,1284340.90328622,0.3,0.0,14.05,82.8,1.4039588722830665
900000,4000,0.0,rec vt28 max1.6,1999,1405816.5095398645,216387.8783329529,626849.549491572,3.1,0.0,35.35,66.25,1.324277183730315
900000,4500,0.007,static 1.0,2005,1238533.0379459397,531256.0997320033,807876.875106513,0.3,0.0,30.85,58.6,1.0
900000,4500,0.007,static 1.0,1999,830467.6494287068,183549.2728008033,454472.6720177581,3.15,0.0,54.55,40.85,1.0
900000,4500,0.007,static 1.2,1999,810255.9360379053,82352.56333956071,370463.33611960505,6.05,0.05,54.900000000000006,48.1,1.2000000000000042
900000,4500,0.007,static 1.3,2005,1401799.5429746737,432868.7501070953,785967.7018892734,1.0,0.0,30.05,69.95,1.3000000000000245
900000,4500,0.007,static 1.3,1999,790388.5114883719,25122.93712778423,326258.11552120536,8.75,0.1,55.60000000000001,50.6,1.300000000000008
900000,4500,0.007,static 1.4,2005,1446338.775137864,399509.88844553137,769916.0829438824,1.2,0.0,30.3,71.95,1.4000000000000543
900000,4500,0.007,static 1.4,1999,766390.6510247225,0.0,277637.9852316495,11.25,0.2,56.10000000000001,52.85,1.4000000000000492
900000,4500,0.007,static 1.5,2005,1486536.298932616,360925.0606823489,752220.1905992694,1.9,0.05,30.65,73.7,1.5
900000,4500,0.007,static 1.5,1999,738440.9027008498,0.0,222953.2863831612,13.55,0.3,57.1,54.25,1.5
900000,4500,0.007,rec max1.4,2005,1516837.0813640363,501856.8095521099,864736.9272592089,0.5,0.0,26.5,72.8,1.323861876561024
900000,4500,0.007,rec max1.4,1999,939680.9811787752,97628.80960868356,437824.8060246397,5.9,0.1,48.35,54.7,1.285611656594076
900000,4500,0.007,rec max1.6,2005,1632183.666415203,492878.7276935291,880060.0239397592,0.75,0.0,25.7,76.3,1.4643077274214136
900000,4500,0.007,rec max1.6,1999,966906.1372839032,88451.0336821967,426272.279229496,6.5,0.1,46.85,57.75,1.3896671102513694
900000,4500,0.007,rec max1.8,2005,1673448.460488353,465544.2239062287,873827.8308773276,0.95,0.0,26.05,77.95,1.5769227139433657
900000,4500,0.007,rec max1.8,1999,982972.7893410324,79053.65526039853,413216.7148104357,7.15,0.15,46.650000000000006,59.25,1.4661031093882202
900000,4500,0.007,rec vt28 max1.6,2005,1580684.855372714,520254.8527104534,885542.0891585973,0.4499999999999999,0.0,25.7,75.05,1.4039656347701692
900000,4500,0.0,static 1.0,2005,1808650.055499466,619368.6861342443,1061779.807020608,0.15,0.0,18.2,72.89999999999999,1.0
900000,4500,0.0,static 1.0,1999,1082775.7822240223,220497.50286148489,535238.802013716,2.6,0.0,41.75,52.1,1.0
900000,4500,0.0,static 1.2,2005,1997601.066091082,546184.7903853607,1052463.1031950335,0.6,0.0,19.55,76.2,1.1999999999999886
900000,4500,0.0,static 1.3,2005,2083304.647531388,506539.09815698577,1038382.1341162964,0.8,0.0,20.200000000000003,77.0,1.3000000000000242
900000,4500,0.0,static 1.2,1999,1054197.1426550655,106096.27776332204,439514.8960945384,5.4,0.05,43.75,56.00000000000001,1.2000000000000044
900000,4500,0.0,static 1.3,1999,1022440.8806631037,57718.57428340944,386435.0433702697,7.7,0.05,45.35,57.65,1.3000000000000078
900000,4500,0.0,static 1.4,2005,2166598.306619471,464731.0352021554,1016302.76839811,1.1,0.0,21.3,77.75,1.4000000000000543
900000,4500,0.0,static 1.4,1999,988592.0156459988,0.0,332327.1533835096,10.15,0.15,46.75,58.650000000000006,1.4000000000000494
900000,4500,0.0,static 1.5,2005,2233670.163717695,422998.2988313722,991467.4420187548,1.7999999999999998,0.05,22.25,78.3,1.5
900000,4500,0.0,static 1.5,1999,945904.4542976893,0.0,269001.35595041106,12.45,0.3,48.2,59.55,1.5
900000,4500,0.0,rec max1.4,2005,2269485.013358975,598574.3353827894,1145280.8225479245,0.5,0.0,16.950000000000003,80.15,1.3238583032599407
900000,4500,0.0,rec max1.4,1999,1272998.092505108,135490.18643720797,529711.2512596536,4.8500000000000005,0.05,38.35,62.4,1.2856085786707252
900000,4500,0.0,rec max1.6,1999,1303341.5846802918,129075.66216737674,531016.9751180985,5.75,0.1,38.45,64.35,1.389692286329753
900000,4500,0.0,rec max1.8,2005,2539398.928274791,572532.5392315804,1174307.9091597986,0.8500000000000001,0.0,17.4,82.55,1.5769155810961732
900000,4500,0.0,rec max1.8,1999,1336748.9566125143,109569.1141669977,506875.99769982585,6.35,0.15,38.3,65.2,1.4661045433715711
900000,4500,0.0,rec vt28 max1.6,2005,2391960.159304534,624399.303687848,1181664.1794463496,0.4499999999999999,0.0,16.55,81.55,1.403963295138872
900000,4500,0.0,rec vt28 max1.6,1999,1300145.7536751502,147845.0786447645,557973.0314788978,4.95,0.05,38.0,63.2,1.32427651473093
900000,5000,0.007,static 1.0,2005,1231412.4795950055,492455.8003276642,788474.8135185193,0.4499999999999999,0.0,31.35,58.3,1.0
900000,5000,0.007,static 1.0,1999,814242.332487264,131906.65068841443,412207.7423591917,4.95,0.0,55.60000000000001,40.6,1.0
900000,5000,0.007,static 1.2,2005,1336942.3461735628,426338.3397862678,774560.1627818514,1.0,0.0,30.9,66.75,1.1999999999999884
900000,5000,0.007,static 1.2,1999,785110.3649842222,22138.87655536461,322370.8447122704,9.2,0.05,56.05,47.5,1.2000000000000046
900000,5000,0.007,static 1.3,2005,1386993.2681852418,388830.17539496993,760546.2557409864,1.6,0.0,31.05,69.35,1.3000000000000245
900000,5000,0.007,static 1.3,1999,765997.3884964006,0.0,269421.1543647696,11.65,0.15,56.65,49.8,1.3000000000000078
900000,5000,0.007,static 1.4,2005,1428618.3387554137,346638.8246763483,743024.0593521341,2.15,0.05,31.35,71.35000000000001,1.400000000000054
900000,5000,0.007,static 1.4,1999,738776.4779439848,0.0,214691.59903018,14.099999999999998,0.3,57.49999999999999,51.9,1.4000000000000492
900000,5000,0.007,static 1.5,2005,1464832.2600355337,305065.9409459386,722431.7232902448,2.85,0.1,31.5,72.6,1.5
900000,5000,0.007,rec max1.4,1999,914131.6770879092,48501.33366846012,389620.2953182917,8.4,0.15,49.2,53.75,1.2855927268080878
900000,5000,0.007,rec max1.4,2005,1504805.9915364422,448632.5353365463,837956.8442693171,0.8999999999999999,0.0,27.35,72.39999999999999,1.3238629211630946
900000,5000,0.007,rec max1.6,2005,1626912.9935085822,450148.2447655222,858598.053123361,1.35,0.05,26.55,75.7,1.4643258237670018
900000,5000,0.007,rec max1.6,1999,941761.3782225796,35424.50311037274,376076.9329691112,8.85,0.15,48.2,56.85,1.3897526701794682
900000,5000,0.007,rec max1.8,2005,1661337.847916983,418040.40871929977,844320.766499643,1.5,0.05,26.85,77.55,1.5769103043593622
900000,5000,0.007,rec max1.8,1999,952000.3738563586,21705.89082124849,362885.1855650381,9.4,0.15,47.9,58.3,1.4661999675050146
900000,5000,0.007,rec vt28 max1.6,2005,1563993.0092548137,482458.5122092209,857281.9088616075,0.95,0.0,26.75,74.45,1.4039593002529611
900000,5000,0.007,rec vt28 max1.6,1999,937012.555755299,66248.73687623776,408025.7516856572,7.95,0.1,48.25,55.1,1.3242959553787403
900000,5000,0.0,static 1.0,2005,1698755.8576170562,547348.4204394942,976115.0243286812,0.4,0.0,21.5,69.55,1.0
900000,5000,0.0,static 1.0,1999,991383.3732609252,147385.41186265368,467065.0598362387,4.4,0.0,45.5,49.05,1.0
900000,5000,0.0,static 1.2,2005,1876861.1825003608,472678.2816638388,959730.0970140958,0.95,0.0,22.6,73.75,1.1999999999999886
900000,5000,0.0,static 1.2,1999,957882.0184677324,41112.10344471082,364376.0937689396,8.6,0.05,47.85,53.75,1.2000000000000042
900000,5000,0.0,static 1.3,1999,927626.2348934264,0.0,306754.3104577193,10.8,0.15,49.15,55.2,1.300000000000008
900000,5000,0.0,static 1.4,2005,2039489.3985622576,388434.21975525125,923879.5965994488,2.0500000000000003,0.05,24.0,75.55,1.4000000000000543
900000,5000,0.0,static 1.4,1999,888346.0058126327,0.0,252965.5784187222,13.2,0.25,50.24999999999999,56.39999999999999,1.400000000000049
900000,5000,0.0,static 1.5,2005,2100595.406765121,345954.9901528611,893946.9337330835,2.7,0.1,25.1,76.3,1.5
900000,5000,0.0,static 1.5,1999,848166.3121134128,0.0,198666.70249393937,15.75,0.7000000000000001,51.45,57.4,1.5
900000,5000,0.0,rec max1.4,2005,2135646.227953568,516952.29724889743,1063434.526286887,0.8500000000000001,0.0,19.8,78.10000000000001,1.3238603553404995
900000,5000,0.0,rec max1.4,1999,1168208.4367176336,76272.97780543045,455984.8894803306,7.75,0.15,41.8,59.5,1.2856069486722246
900000,5000,0.0,rec max1.6,2005,2314578.892622523,504001.1467291496,1082878.7683864003,1.2,0.05,19.65,79.95,1.4643298099080166
900000,5000,0.0,rec max1.6,1999,1202751.6691919058,56152.66729511137,443111.2147979991,8.35,0.15,41.6,61.75000000000001,1.3897997206056782
900000,5000,0.0,rec max1.8,2005,2402126.4690861786,487408.8702849939,1079080.3270252184,1.5,0.05,20.25,80.85,1.5769107743577089
900000,5000,0.0,rec max1.8,1999,1231205.946778018,42029.39491723692,425295.5158391587,8.6,0.15,41.25,62.45,1.466203580424949
900000,5000,0.0,rec vt28 max1.6,2005,2226972.7904829625,546157.2537744291,1084612.3746202807,0.8500000000000001,0.0,19.05,79.65,1.4039549306615529
900000,5000,0.0,rec vt28 max1.6,1999,1202517.1166737722,84540.9702917492,476597.6554373457,7.35,0.1,41.1,60.8,1.324264839156645
900000,5500,0.007,static 1.0,2005,1215867.307861072,443011.89553020895,764173.0352782549,0.7000000000000001,0.0,32.800000000000004,57.45,1.0
900000,5500,0.007,static 1.2,2005,1317790.4276080886,374119.54801745503,745794.3747074364,1.85,0.0,32.1,65.9,1.1999999999999884
900000,5500,0.007,static 1.2,1999,748878.841976449,0.0,257559.95167249016,12.25,0.15,57.49999999999999,46.35,1.2000000000000042
900000,5500,0.007,static 1.3,2005,1366703.596401521,335154.14985313924,726154.6844461183,2.4,0.05,32.15,68.65,1.3000000000000242
900000,5500,0.007,static 1.3,1999,721475.1974040223,0.0,210052.51979278657,14.75,0.25,57.9,48.8,1.3000000000000076
900000,5500,0.007,static 1.4,2005,1406840.27491102,296532.56361017295,705872.3091236308,3.4000000000000004,0.1,32.5,70.39999999999999,1.4000000000000543
900000,5500,0.007,static 1.4,1999,683496.3726456207,0.0,156551.25182264732,16.900000000000002,0.7000000000000001,58.6,50.7,1.4000000000000488
900000,5500,0.007,static 1.5,2005,1436215.4491944758,250337.5019828907,684094.4263876949,4.55,0.2,33.1,71.85000000000001,1.5
900000,5500,0.007,static 1.5,1999,640826.8459651732,0.0,106965.45013846213,19.85,1.25,59.6,52.05,1.5
900000,5500,0.007,rec max1.4,2005,1488537.751491378,400835.3435217301,801315.2620051581,1.7999999999999998,0.05,28.4,71.3,1.3238492829964503
900000,5500,0.007,rec max1.4,1999,887810.196170953,0.0,333705.3139457078,10.8,0.15,50.7,52.45,1.2855853341521328
900000,5500,0.007,rec max1.6,2005,1595750.6091443088,382854.07741656416,818291.23791987,2.1,0.05,27.700000000000003,74.5,1.4642866160180563
900000,5500,0.007,rec max1.6,1999,906757.6089133008,0.0,319320.60667484195,11.4,0.2,49.65,55.8,1.3897502682914544
900000,5500,0.007,rec max1.8,2005,1635922.0477294452,363029.4968729777,809715.259729651,2.65,0.05,27.750000000000004,76.3,1.576883521810999
900000,5500,0.007,rec vt28 max1.6,2005,1545855.658653398,424421.1249339334,822675.2973578906,1.55,0.05,27.700000000000003,73.8,1.4039593018316494
900000,5500,0.007,rec vt28 max1.6,1999,902062.6453698684,0.0,349926.1853898017,10.25,0.15,49.75,54.05,1.3243674257661635
900000,5500,0.0,static 1.0,2005,1571664.902303629,468070.01399213326,883082.1876702083,0.7000000000000001,0.0,25.75,66.10000000000001,1.0
900000,5500,0.0,static 1.2,2005,1739956.1251520962,396988.35082969343,868771.3427403694,1.7000000000000002,0.0,26.05,71.3,1.1999999999999884
900000,5500,0.0,static 1.0,1999,888522.7455774451,79490.00764142662,388891.3275808843,6.4,0.0,50.45,45.8,1.0
900000,5500,0.0,static 1.2,1999,857515.2255369329,0.0,283593.91446140624,11.75,0.15,51.15,51.1,1.2000000000000044
900000,5500,0.0,static 1.3,2005,1818857.8438126235,354367.0647541946,856164.2704215702,2.3,0.05,26.450000000000003,72.5,1.3000000000000242
900000,5500,0.0,static 1.3,1999,833886.4293066765,0.0,231671.46674697043,14.099999999999998,0.25,51.95,52.25,1.3000000000000076
900000,5500,0.0,static 1.4,2005,1878962.6174864597,316942.1482428003,836997.4891612288,3.2,0.1,27.15,73.7,1.400000000000054
900000,5500,0.0,static 1.4,1999,802875.9770938307,0.0,183517.06320658684,16.55,0.7000000000000001,53.0,53.75,1.400000000000049
900000,5500,0.0,static 1.5,2005,1937525.998220404,271652.89457074023,813924.3776527834,4.5,0.2,27.750000000000004,74.25,1.5
900000,5500,0.0,static 1.5,1999,766073.4459519645,0.0,130441.61836186328,19.0,1.25,53.95,55.1,1.5
900000,5500,0.0,rec max1.4,1999,1054743.1829835698,0.0,375222.0173889685,10.3,0.15,45.45,57.2,1.2855978952897855
900000,5500,0.0,rec max1.6,2005,2183978.406023504,419366.1965261367,989662.2979360508,2.0500000000000003,0.05,22.0,77.95,1.4642910946002878
900000,5500,0.0,rec max1.6,1999,1107588.739611459,0.0,362777.0545765903,11.15,0.2,44.4,58.85,1.389744027648767
900000,5500,0.0,rec max1.8,2005,2256656.190766573,405060.69741937495,969596.0610222432,2.65,0.05,22.45,79.10000000000001,1.5768823571316517
900000,5500,0.0,rec max1.8,1999,1124685.7101107696,0.0,347547.4363544265,11.65,0.2,44.5,60.55,1.466191036447102
900000,5500,0.0,rec vt28 max1.6,2005,2103350.666499237,462785.0131921962,1002347.6959346448,1.55,0.05,21.7,77.3,1.403960328954351
900000,5500,0.0,rec vt28 max1.6,1999,1095633.0041095205,11822.471617626032,395428.1200816279,9.8,0.15,43.8,57.8,1.3243776864724113
900000,6000,0.007,static 1.0,2005,1193137.333090595,384715.5741443928,719619.3072597232,1.4500000000000002,0.0,34.5,56.35,1.0
900000,6000,0.007,static 1.0,1999,725400.3772623311,6179.575315792935,292556.1714167845,9.95,0.05,59.3,39.25,1.0
900000,6000,0.007,static 1.2,2005,1295778.806531208,306552.3681724681,698641.6042291467,2.65,0.05,33.650000000000006,64.45,1.1999999999999886
900000,6000,0.007,static 1.2,1999,684465.7288279049,0.0,197532.252975188,15.25,0.2,59.45,45.3,1.2000000000000042
900000,6000,0.007,static 1.3,2005,1340163.9399747462,262848.081867237,680098.3761296789,4.25,0.1,33.650000000000006,67.10000000000001,1.3000000000000242
900000,6000,0.007,static 1.3,1999,651200.6037965517,0.0,149038.39747753495,17.95,0.5,60.0,47.55,1.3000000000000076
900000,6000,0.007,static 1.4,2005,1377356.1367631257,215861.099220632,656043.3388415073,4.9,0.2,34.0,69.19999999999999,1.400000000000054
900000,6000,0.007,static 1.5,2005,1407855.2898781062,161468.81884144506,628615.8993238457,5.7,0.25,34.2,70.39999999999999,1.5
900000,6000,0.007,static 1.5,1999,574942.5060808752,0.0,43349.84281223138,23.25,1.85,61.2,50.55,1.5
900000,6000,0.007,rec max1.4,2005,1459714.508536888,337791.45479079336,761621.6168763015,2.55,0.1,29.75,69.8,1.3238395091356487
900000,6000,0.007,rec max1.4,1999,829319.7490257483,0.0,278075.5560433639,13.45,0.25,52.75,51.15,1.2856144793408106
900000,6000,0.007,rec max1.6,2005,1560190.1659616297,318917.5747836017,771556.7108587727,3.2,0.1,29.2,73.45,1.46431793151366
900000,6000,0.007,rec max1.6,1999,860396.7558508494,0.0,255491.88421734748,14.05,0.4,51.3,54.400000000000006,1.389769112371609
900000,6000,0.007,rec max1.8,2005,1604285.7699457903,304935.518525454,760681.5504754788,3.7,0.1,29.3,75.1,1.5769239563029185
900000,6000,0.007,rec max1.8,1999,868356.5829189022,0.0,241623.1952623042,14.6,0.4,51.3,55.45,1.4662417830878491
900000,6000,0.007,rec vt28 max1.6,2005,1521124.0908882543,349587.0696307738,780741.3713606528,2.65,0.05,29.2,72.1,1.403928567393688
900000,6000,0.007,rec vt28 max1.6,1999,861982.4454533346,0.0,285417.37131718977,12.85,0.25,51.9,52.75,1.3243568130700518
900000,6000,0.0,static 1.0,2005,1455347.7551681171,395637.5738211959,798999.7729729719,1.4500000000000002,0.0,30.05,62.74999999999999,1.0
900000,6000,0.0,static 1.0,1999,803175.4885646284,11195.825980977062,309416.03480697155,9.75,0.05,53.7,43.2,1.0
900000,6000,0.0,static 1.2,2005,1619366.281177493,326772.4550397408,784932.3138532394,2.65,0.05,29.7,68.45,1.1999999999999884
900000,6000,0.0,static 1.3,1999,749032.4447819055,0.0,163025.17214090546,17.75,0.5,55.15,50.1,1.3000000000000076
900000,6000,0.0,static 1.3,2005,1693311.0526268831,272643.0917696945,771854.9464459104,4.2,0.1,29.85,70.1,1.3000000000000242
900000,6000,0.0,static 1.4,2005,1754993.6824553306,233387.09223372088,746034.1587373583,4.9,0.2,30.2,71.5,1.400000000000054
900000,6000,0.0,static 1.4,1999,714999.9615394147,0.0,107361.16116251385,19.950000000000003,1.1,56.35,51.6,1.4000000000000483
900000,6000,0.0,static 1.5,2005,1802391.399169424,183643.59839424887,722694.7678059535,5.6000000000000005,0.25,30.7,72.15,1.5
900000,6000,0.0,static 1.5,1999,671963.605656447,0.0,57447.2740938114,22.75,1.85,56.95,52.5,1.5
900000,6000,0.0,rec max1.4,2005,1872556.8948275603,356860.693114146,876376.8683699723,2.55,0.1,25.8,73.2,1.3238408707665938
900000,6000,0.0,rec max1.4,1999,948574.6776221796,0.0,295222.2352361578,13.25,0.25,48.8,54.25,1.2856197985485411
900000,6000,0.0,rec max1.6,2005,2049356.0300635009,342062.9906640432,896736.7195451136,3.15,0.1,25.25,76.1,1.46430875848158
900000,6000,0.0,rec max1.8,2005,2129086.620770145,323239.1702383433,881338.949361341,3.6,0.1,25.65,77.10000000000001,1.5769337956843128
900000,6000,0.0,rec max1.6,1999,1005287.4895412076,0.0,272155.1031070963,13.85,0.4,47.15,56.85,1.38975731141642
900000,6000,0.0,rec max1.8,1999,1022093.3336001104,0.0,261770.2947098276,14.35,0.4,46.9,57.9,1.4662114759140874
900000,6000,0.0,rec vt28 max1.6,2005,1988306.276713616,377882.7763377725,899245.2411225586,2.55,0.05,25.05,75.25,1.403930969168816
900000,6500,0.007,static 1.0,2005,1162354.8950969323,301923.66926470964,667320.3824094818,2.3,0.0,37.2,54.7,1.0
900000,6500,0.007,static 1.0,1999,659560.6409941508,0.0,225060.00789171224,13.25,0.1,61.150000000000006,38.1,1.0
900000,6500,0.007,static 1.2,2005,1255156.9788000202,224325.6946942169,640322.4893729043,4.65,0.05,36.3,62.74999999999999,1.1999999999999886
900000,6500,0.007,static 1.2,1999,621567.7474965521,0.0,127518.99737433426,19.0,0.4,61.150000000000006,44.05,1.2000000000000042
900000,6500,0.007,static 1.3,2005,1292788.8887079533,177376.50107776417,624329.2928401342,5.5,0.2,36.15,65.35,1.300000000000024
900000,6500,0.007,static 1.3,1999,585633.0697823452,0.0,74086.79851748061,21.45,0.95,61.45,46.650000000000006,1.3000000000000074
900000,6500,0.007,static 1.4,2005,1328054.7971509658,138328.10238334347,598901.8973531527,6.3,0.25,36.4,67.65,1.400000000000054
900000,6500,0.007,static 1.4,1999,552074.3661722131,0.0,30944.062530512405,23.85,1.7999999999999998,62.1,48.5,1.4000000000000477
900000,6500,0.007,static 1.5,2005,1355135.6460802755,83246.76992553084,570346.8852660274,7.6,0.4499999999999999,36.75,68.89999999999999,1.5
900000,6500,0.007,static 1.5,1999,507826.4195569072,0.0,0.0,25.8,3.0,62.6,49.45,1.5
900000,6500,0.007,rec max1.4,2005,1416059.3315962222,261819.90432835207,703877.4236583319,4.1000000000000005,0.1,32.15,68.25,1.3238495158742127
900000,6500,0.007,rec max1.4,1999,756775.5040767984,0.0,201705.3049076869,16.6,0.5,54.50000000000001,49.7,1.2856381529091192
900000,6500,0.007,rec max1.6,2005,1523490.0365575629,243754.20033008253,703363.0844345837,4.7,0.15,30.9,71.6,1.4642680685129137
900000,6500,0.007,rec max1.8,1999,805293.5712067428,0.0,174158.84619664817,18.2,0.8999999999999999,52.95,53.8,1.4662208329391409
900000,6500,0.007,rec max1.8,2005,1562175.6484356588,223850.28320612732,695277.2503705309,5.4,0.15,30.9,73.35000000000001,1.576825266316174
900000,6500,0.007,rec vt28 max1.6,2005,1463351.824431789,278672.41419295414,725182.9389717884,4.05,0.1,30.75,70.3,1.403946229617691
900000,6500,0.007,rec vt28 max1.6,1999,804312.2582458616,0.0,210463.36558845767,16.0,0.4499999999999999,53.45,51.0,1.324417470302573
900000,6500,0.0,static 1.0,2005,1343791.6265908005,315475.21974558686,708847.7038665629,2.3,0.0,33.95,58.8,1.0
900000,6500,0.0,static 1.0,1999,708928.3695101046,0.0,230497.5060752626,13.05,0.1,57.55,40.6,1.0
900000,6500,0.0,static 1.2,1999,683330.6005092526,0.0,139961.7337753052,18.85,0.4,57.45,46.2,1.2000000000000044
900000,6500,0.0,static 1.2,2005,1496251.4527511322,234265.5491162376,696203.539351647,4.65,0.05,33.2,65.75,1.1999999999999884
900000,6500,0.0,static 1.3,2005,1560645.1971826977,192348.6957014997,681098.0348024244,5.5,0.2,33.2,67.55,1.3000000000000238
900000,6500,0.0,static 1.3,1999,660230.2603529852,0.0,83106.02929296541,21.15,0.95,57.8,48.35,1.3000000000000076
900000,6500,0.0,static 1.4,2005,1620838.4629450855,146670.91880420805,655317.7055646132,6.25,0.25,33.25,68.89999999999999,1.400000000000054
900000,6500,0.0,static 1.4,1999,620689.6603889833,0.0,37517.16079635358,23.55,1.7999999999999998,58.45,49.5,1.400000000000048
900000,6500,0.0,static 1.5,2005,1670156.3785889635,97767.41472713792,631893.6759037845,7.449999999999999,0.4499999999999999,33.75,70.0,1.5
900000,6500,0.0,rec max1.4,1999,856031.3398367219,0.0,210858.17517275817,16.35,0.5,51.45,51.55,1.2856489604669756
900000,6500,0.0,rec max1.4,2005,1743244.1561042503,269498.6750042088,783536.0337944481,4.1000000000000005,0.1,29.35,70.25,1.3238484724578836
900000,6500,0.0,rec max1.6,2005,1915702.859906712,258805.3397730768,811301.6899910179,4.7,0.15,28.000000000000004,73.15,1.4642711647643554
900000,6500,0.0,rec max1.6,1999,896240.4067228897,0.0,195476.47971396148,16.8,0.5499999999999999,50.14999999999999,54.35,1.3898047437910932
900000,6500,0.0,rec max1.8,2005,1998045.406960722,237439.8299565805,786720.904146295,5.35,0.15,27.950000000000003,74.9,1.5768241838968362
900000,6500,0.0,rec max1.8,1999,912325.9268239706,0.0,183806.66569669964,17.8,0.8999999999999999,49.6,55.8,1.4661995451910088
900000,6500,0.0,rec vt28 max1.6,2005,1865752.9775537823,289340.09607068845,808954.650345623,4.05,0.1,27.800000000000004,72.65,1.4039454404222065
900000,6500,0.0,rec vt28 max1.6,1999,895480.8422565132,0.0,226421.8190657264,15.75,0.4499999999999999,50.14999999999999,53.2,1.324411363424388
760000,5500,0.007,static 1.5,2005,1143827.4812759133,68166.78891346422,479240.56844680395,7.6499999999999995,0.44999999999999996,36.8,60.75000000000001,1.5
760000,6000,0.007,static 1.0,2005,933762.1422073374,171064.1006351551,485228.8430900115,4.6,0.0,40.75,39.7,1.0
760000,6500,0.007,rec max1.4,2005,1080269.2098024806,48334.570898489226,441831.4395507523,8.799999999999999,0.3,37.7,54.05,1.3238028260182575
760000,6000,0.007,rec max1.6,2005,1233957.6864649244,119247.93531317792,533052.3372420424,6.9,0.35000000000000003,33.2,61.3,1.4642247816997476
900000,3500,0.007,static 1.3,1999,821463.2079958629,131158.85412109696,393563.37184820615,4.55,0.05,53.849999999999994,51.65,1.300000000000008
900000,3500,0.0,static 1.0,2005,2032513.416496474,769403.2448550025,1239413.370898878,0.0,0.0,12.8,78.45,1.0
900000,3500,0.0,rec max1.8,2005,2823254.003086779,716590.3802997834,1375382.761302807,0.3,0.0,13.25,85.39999999999999,1.5769105642814711
900000,4000,0.007,rec max1.4,2005,1523285.9040732654,534586.2677939928,879749.0186997716,0.3,0.0,26.150000000000002,73.05,1.323856022556729
900000,4500,0.007,static 1.2,2005,1350446.1521428968,463189.3719257899,798958.5602136308,0.7000000000000001,0.0,30.15,67.35,1.1999999999999886
900000,4000,0.0,static 1.4,1999,1087232.0407949546,70718.26704618755,403498.93099930556,7.049999999999999,0.1,43.55,61.4,1.4000000000000496
900000,4500,0.0,rec max1.6,2005,2466341.4365825513,583200.822609641,1181638.0940138684,0.6,0.0,17.25,81.69999999999999,1.4643130369626784
900000,4500,0.007,rec vt28 max1.6,1999,952882.6052001156,123237.21517085603,456802.27832630754,5.45,0.05,47.199999999999996,56.3,1.3242628083971963
900000,5000,0.007,static 1.5,1999,694766.1944352523,0.0,163646.193972554,16.05,0.7000000000000001,57.99999999999999,53.0,1.5
900000,5000,0.0,static 1.3,2005,1963331.5889092912,432769.27458781446,942413.952262858,1.4500000000000002,0.0,22.900000000000002,74.95,1.3000000000000245
900000,5500,0.007,static 1.0,1999,784574.8703306899,68228.53751367702,361458.3987269337,6.75,0.0,57.15,40.1,1.0
900000,5500,0.007,rec max1.8,1999,913188.2178561855,0.0,306473.0294968621,12.15,0.2,49.35,57.199999999999996,1.4662287232304756
900000,5500,0.0,rec max1.4,2005,2012213.9795434228,443279.69459633314,976034.6031488379,1.7999999999999998,0.05,22.6,75.64999999999999,1.3238509191032706
900000,6000,0.007,static 1.4,1999,617154.9435891239,0.0,93955.6486575156,20.5,1.0999999999999999,60.45,49.35,1.4000000000000483
900000,6000,0.0,static 1.2,1999,775433.3407148081,0.0,213378.8172695535,15.0,0.2,54.449999999999996,48.199999999999996,1.2000000000000044
900000,6000,0.0,rec vt28 max1.6,1999,996126.0549796454,0.0,302616.17879029637,12.65,0.25,46.949999999999996,55.65,1.3243745230222015
900000,6500,0.007,rec max1.6,1999,796879.3285610328,0.0,183018.34010369793,17.2,0.5499999999999999,53.5,52.400000000000006,1.3897968553422835
900000,6500,0.0,static 1.5,1999,578308.9829343688,0.0,0.0,25.55,3.0,59.599999999999994,50.349999999999994,1.5
