,hist full,hist 2000-08,hist 2009-16,hist 2017-26,"hist full, 1-day late","MC v5 (post-2005, 21d)","MC post-2005, 126d","MC full pool, 21d","MC full pool, 126d",worst (all tests),tests won
O1 RSI2<5 boost: 1.3 +0.6 for 5d,0.0324651364065332,0.0350135903862539,0.009533520314167654,0.01593182399495735,0.03953360023713812,0.00588174550253151,0.006018382048826626,0.015273565133970324,0.017336551771635192,0.00588174550253151,9/9
O3 RSI2<5 boost: 1.4 +0.4 for 5d,0.021716671390197617,0.022601387675971286,0.008229127897543542,0.01134374931182236,0.026138184737002718,0.0046045311089586705,0.0045986053195593846,0.010218608457012751,0.011614922912647388,0.0045986053195593846,9/9
C4 blend SMA steps + vol target 32%,0.0337245342554279,0.007237889627370035,0.0033729268058656503,0.01977175415288762,0.027698273743282403,0.007221962445376012,0.010544370879881304,0.009748271832476368,0.011181154044783453,0.0033729268058656503,9/9
C1 SMA linear 1.6→1.0 + RSI2 boost,0.049774934873407256,0.04115267552278306,0.01930865771424764,0.01438592444107406,0.049496393370278335,0.002320440605839247,0.0034048480806671555,0.01438995998440075,0.013461680152448571,0.002320440605839247,9/9
U3 ladder 1.4 → 1.6 at -10%,0.006967566941200182,0.005793871108391774,0.0005805543769039079,0.020495004058328214,0.004594237708444471,0.0005387271705029895,0.0027298233370431635,0.000973731713648382,0.0015275269918121892,0.0005387271705029895,9/9
U1 ladder 1.3 → 1.5 at -10% (reset at ATH),0.007033272181922706,0.005862595954716492,0.0005655208002027512,0.02054999005954028,0.0046645976825249735,0.0004768529665387933,0.0025305201479113026,0.001481207550937974,0.0011989441544534296,0.0004768529665387933,9/9
U2 ladder 1.3 → 1.4 at -5% → 1.5 at -10%,0.0033599763327042675,0.00325855820311316,0.0005655208002036394,0.011241968771832811,0.0027294687164104714,9.605074382321166e-05,0.0005720403919178552,0.0013509004281769266,0.0006347703161423968,9.605074382321166e-05,9/9
U4 delever highs 1.2 / 1.4 at -5% / 1.6 at -10%,0.006125932030617953,0.006280435122439407,0.0011171932627245806,0.01934433398271207,0.004870538825588883,-0.0007998148288168305,0.0011270284375332618,0.00194068994610333,0.0017350631678134526,-0.0007998148288168305,8/9
U5 ladder 1.3 → 1.6 at -10% → 1.9 at -20% (52w),0.018442602905682615,0.008461002374775976,0.039923199530191605,0.06330274448918449,0.01200284543224489,-0.0004792260833244577,0.0039408634114733165,0.0024285978769549854,-0.0011651713943126446,-0.0011651713943126446,7/9
S3 SMA steps 1.7/1.5/1.3/1.1/1.0,0.0374907558161279,0.018813769510413074,0.014721307669881306,0.011668349444001636,0.027126359236119807,-0.001293392917749825,0.0008123969693681343,0.0038014859115512167,-0.0006482174528475021,-0.001293392917749825,7/9
S2 SMA steps 1.8/1.6/1.4/1.2/1.0,0.03966388292060277,0.0183736066746095,0.013886677528160613,0.01497382069178732,0.02942111360859928,-0.0029220770510146044,0.0017000067805150454,0.0032224217743503925,-0.0011752163135093086,-0.0029220770510146044,7/9
S1 SMA steps 2.0/1.7/1.4/1.2/1.0,0.04536740895885771,0.025503182386270723,0.01987876070908734,0.014521963251149517,0.030886647134991396,-0.0043282827209191466,0.00011485978031477995,0.0032661278948836747,-0.0011096854613403123,-0.0043282827209191466,7/9
C2 vol target 32% + RSI2 boost,0.04029621809011291,0.02699774506574288,-0.0045562886270390235,0.010690520184817864,0.044000932604568305,0.01657085620407933,0.020546476593293256,0.02270691422092555,0.03277787098004213,-0.0045562886270390235,8/9
"C3 SMA steps, capped by 36% vol target",0.030370457603830392,0.01136721048987175,-0.009679357261238003,0.018484235022075968,0.02573084679870402,0.008082240846038091,0.017065687145963404,0.009246465667570966,0.021824233200918502,-0.009679357261238003,8/9
V1 vol target 32% (1.0–1.6x),0.01780215278363595,0.0016093825983989826,-0.01117217186029501,-0.0002469648567558491,0.017749702266215667,0.009615845023236813,0.014562837497277742,0.01111342959775452,0.018534059902449024,-0.01117217186029501,7/9
C5 vol target 36% + RSI2 boost,0.037462606359621425,0.020004304020721002,-0.013654548821516732,-0.002642782257310905,0.03738031350980639,0.02053656139717369,0.02289154012133343,0.022989518100264617,0.03488313284017713,-0.013654548821516732,7/9
T1 turn-of-month 1.3 +0.5 (history only),-0.00242870213346405,0.005881458350678527,-0.014596362919646166,-0.01337737554593521,-0.004354909101924348,,,,,-0.014596362919646166,1/9
O2 RSI2<10 boost: 1.3 +0.5 for 5d,-0.004504012598557955,0.008643489757169151,-0.0022916841813787336,-0.01520567800659739,0.006345038192168584,-0.005416572242449569,-0.008068574219931318,0.0020013080010980178,-0.00024986215311813276,-0.01520567800659739,3/9
V2 vol target 36% (1.0–2.0x),0.01809536570162354,0.0007706400308589295,-0.02708653925390908,-0.020706977832750162,0.01578601015883649,0.014849167662901175,0.01909892750317671,0.01292641963400723,0.02386162361340108,-0.02708653925390908,7/9
V3 vol target 28% (1.0–1.6x),0.01083998848229939,-0.0013476354408304414,-0.027947519449501523,-0.001255387420313503,0.00958162893379691,0.008677142754697498,0.01306798332421616,0.0073661178896264334,0.013911614722193558,-0.027947519449501523,6/9
V4 vol target 30% (1.0–1.8x),0.010990500467046055,-0.0027164994827057823,-0.03476596619557862,-0.010959839671017935,0.010113144301555299,0.010562447621894427,0.01583879431005536,0.009866973662804895,0.01675544149746777,-0.03476596619557862,6/9
