generator,,median_end,p25_end,ruin,goal
"MC v5 (post-2005, 21d)",static 0.8,721664.0934751052,366715.2953821077,0.0525,0.2265
"MC v5 (post-2005, 21d)",static 0.9,785745.7471283248,371938.9397229242,0.063,0.299
"MC v5 (post-2005, 21d)",static 1.0,838318.7568526897,371002.61406266113,0.075,0.3605
"MC v5 (post-2005, 21d)",static 1.1,878735.5269616344,357674.0797110013,0.087,0.4095
"MC v5 (post-2005, 21d)",static 1.2,910171.9693096282,344051.67910093704,0.0965,0.456
"MC v5 (post-2005, 21d)",static 1.3,936189.4606086037,324271.7260365147,0.1115,0.495
"MC v5 (post-2005, 21d)",static 1.4,951894.357113403,294341.26894980937,0.13,0.5175
"MC v5 (post-2005, 21d)",static 1.5,965644.6115023089,264064.3814054673,0.143,0.5495
"MC v5 (post-2005, 21d)",static 1.6,972980.9663489499,237353.01078792475,0.1565,0.5705
"MC v5 (post-2005, 21d)",static 1.7,975831.8194727935,202761.3183137186,0.171,0.586
"MC v5 (post-2005, 21d)",static 1.8,974560.634503077,158206.71707259328,0.1875,0.601
"MC v5 (post-2005, 21d)",static 1.9,966156.8758403873,120228.86983480956,0.2015,0.608
"MC v5 (post-2005, 21d)",static 2.0,948181.1646513819,77499.84036939818,0.2195,0.616
"MC v5 (post-2005, 21d)",static 2.1,922517.5961594436,42342.363428602366,0.2365,0.619
"MC v5 (post-2005, 21d)",static 2.2,883745.8682679192,4944.188198945241,0.2475,0.622
"MC v5 (post-2005, 21d)",static 2.3,831823.9592558658,0.0,0.2645,0.622
"MC v5 (post-2005, 21d)",static 2.4,791952.5253824033,0.0,0.282,0.622
"MC v5 (post-2005, 21d)",static 2.5,730972.8880983694,0.0,0.3005,0.621
"MC v5 (post-2005, 21d)",static 2.6,671681.9168167871,0.0,0.32,0.625
"MC v5 (post-2005, 21d)",U1 ladder 1.3 → 1.5 at -10% (reset at ATH),954761.0912073134,304710.12276565,0.1325,0.526
"MC v5 (post-2005, 21d)",U2 ladder 1.3 → 1.4 at -5% → 1.5 at -10%,958491.9430030908,292061.10700937913,0.136,0.5305
"MC v5 (post-2005, 21d)",U3 ladder 1.4 → 1.6 at -10%,969277.7093757864,274530.90638465213,0.1445,0.5535
"MC v5 (post-2005, 21d)",U4 delever highs 1.2 / 1.4 at -5% / 1.6 at -10%,965311.1575727245,276458.7085360588,0.1415,0.536
"MC v5 (post-2005, 21d)",U5 ladder 1.3 → 1.6 at -10% → 1.9 at -20% (52w),964232.8242259896,266914.05808465846,0.1445,0.551
"MC v5 (post-2005, 21d)",S1 SMA steps 2.0/1.7/1.4/1.2/1.0,936927.2000870088,200859.82845486837,0.178,0.5695
"MC v5 (post-2005, 21d)",S2 SMA steps 1.8/1.6/1.4/1.2/1.0,950298.1147049458,255971.42754293696,0.1555,0.556
"MC v5 (post-2005, 21d)",S3 SMA steps 1.7/1.5/1.3/1.1/1.0,937439.9791745965,285116.98375418084,0.141,0.532
"MC v5 (post-2005, 21d)",V1 vol target 32% (1.0–1.6x),1060467.1031487072,381254.9081425374,0.101,0.5525
"MC v5 (post-2005, 21d)",V2 vol target 36% (1.0–2.0x),1147407.7321965625,332867.7853941659,0.134,0.617
"MC v5 (post-2005, 21d)",V3 vol target 28% (1.0–1.6x),1027386.7341149269,383955.3227291689,0.098,0.5295
"MC v5 (post-2005, 21d)",V4 vol target 30% (1.0–1.8x),1077469.7271366399,363375.9238611104,0.108,0.566
"MC v5 (post-2005, 21d)",O1 RSI2<5 boost: 1.3 +0.6 for 5d,1005238.766572311,335285.1067800352,0.1225,0.5445
"MC v5 (post-2005, 21d)",O2 RSI2<10 boost: 1.3 +0.5 for 5d,911023.366761581,259089.2329563285,0.147,0.5305
"MC v5 (post-2005, 21d)",O3 RSI2<5 boost: 1.4 +0.4 for 5d,1010168.6462036101,315262.924919409,0.1285,0.5535
"MC v5 (post-2005, 21d)",C1 SMA linear 1.6→1.0 + RSI2 boost,980166.8980927549,309390.86159369134,0.143,0.556
"MC v5 (post-2005, 21d)",C2 vol target 32% + RSI2 boost,1140787.210006975,383512.5991380594,0.104,0.5885
"MC v5 (post-2005, 21d)","C3 SMA steps, capped by 36% vol target",1044516.809238075,361400.41109619435,0.117,0.559
"MC v5 (post-2005, 21d)",C4 blend SMA steps + vol target 32%,1019253.5006146932,335588.0425273252,0.127,0.565
"MC v5 (post-2005, 21d)",C5 vol target 36% + RSI2 boost,1210702.4517684472,336914.84346163075,0.133,0.6315
"MC post-2005, 126d",static 0.8,752791.6448384835,361999.8874997668,0.051,0.2185
"MC post-2005, 126d",static 0.9,822900.190783433,371028.8500366025,0.065,0.302
"MC post-2005, 126d",static 1.0,889706.1347500843,374040.39215824945,0.077,0.3655
"MC post-2005, 126d",static 1.1,938805.9260521646,362638.92019487,0.0915,0.418
"MC post-2005, 126d",static 1.2,986001.5468007589,350950.9737335915,0.111,0.4525
"MC post-2005, 126d",static 1.3,1021159.1932278627,335278.94501542294,0.1245,0.489
"MC post-2005, 126d",static 1.4,1054090.6396261433,315849.97823722934,0.134,0.522
"MC post-2005, 126d",static 1.5,1081852.8119940395,295153.5363051857,0.1475,0.5475
"MC post-2005, 126d",static 1.6,1098618.5083305999,262783.6999478692,0.162,0.5655
"MC post-2005, 126d",static 1.7,1114053.2806589585,223975.7181467986,0.171,0.5735
"MC post-2005, 126d",static 1.8,1125475.1381179849,182380.35193617773,0.185,0.5845
"MC post-2005, 126d",static 1.9,1132685.193003611,147026.12131486213,0.194,0.594
"MC post-2005, 126d",static 2.0,1124367.746700985,110505.24563834617,0.206,0.6015
"MC post-2005, 126d",static 2.1,1108574.5510633518,66452.07963788568,0.226,0.609
"MC post-2005, 126d",static 2.2,1085549.5957966521,18743.843467924686,0.2435,0.6135
"MC post-2005, 126d",static 2.3,1050561.9293647236,0.0,0.259,0.6195
"MC post-2005, 126d",static 2.4,1009447.222860516,0.0,0.273,0.6185
"MC post-2005, 126d",static 2.5,965059.6683264693,0.0,0.285,0.6185
"MC post-2005, 126d",static 2.6,913608.2730199993,0.0,0.301,0.6195
"MC post-2005, 126d",U1 ladder 1.3 → 1.5 at -10% (reset at ATH),1077035.109928158,313542.227255876,0.1375,0.5325
"MC post-2005, 126d",U2 ladder 1.3 → 1.4 at -5% → 1.5 at -10%,1055666.0358480196,297376.9538056571,0.1405,0.531
"MC post-2005, 126d",U3 ladder 1.4 → 1.6 at -10%,1099313.2870324594,287444.8782608705,0.149,0.556
"MC post-2005, 126d",U4 delever highs 1.2 / 1.4 at -5% / 1.6 at -10%,1058258.9884219787,306489.5167250853,0.1455,0.5395
"MC post-2005, 126d",U5 ladder 1.3 → 1.6 at -10% → 1.9 at -20% (52w),1126025.4555106065,295190.6012695774,0.1505,0.558
"MC post-2005, 126d",S1 SMA steps 2.0/1.7/1.4/1.2/1.0,1092801.1023418594,202637.8929647476,0.178,0.576
"MC post-2005, 126d",S2 SMA steps 1.8/1.6/1.4/1.2/1.0,1087212.6506922478,256242.83544768707,0.1585,0.5645
"MC post-2005, 126d",S3 SMA steps 1.7/1.5/1.3/1.1/1.0,1063348.047744494,276818.4274833413,0.152,0.546
"MC post-2005, 126d",V1 vol target 32% (1.0–1.6x),1215756.6626097318,394554.2526069397,0.104,0.5575
"MC post-2005, 126d",V2 vol target 36% (1.0–2.0x),1343323.0512612495,352515.75991583907,0.1335,0.6095
"MC post-2005, 126d",V3 vol target 28% (1.0–1.6x),1177502.9095143308,409791.94027064263,0.0965,0.5425
"MC post-2005, 126d",V4 vol target 30% (1.0–1.8x),1240121.8903095587,399839.5984915118,0.1085,0.576
"MC post-2005, 126d",O1 RSI2<5 boost: 1.3 +0.6 for 5d,1116494.7296377649,333606.00516362605,0.1345,0.5375
"MC post-2005, 126d",O2 RSI2<10 boost: 1.3 +0.5 for 5d,994959.6411921857,232505.74607718215,0.1615,0.516
"MC post-2005, 126d",O3 RSI2<5 boost: 1.4 +0.4 for 5d,1119780.8928067712,314392.7127497392,0.143,0.548
"MC post-2005, 126d",C1 SMA linear 1.6→1.0 + RSI2 boost,1100817.9432220159,289333.4817642132,0.153,0.552
"MC post-2005, 126d",C2 vol target 32% + RSI2 boost,1319693.2070460855,430497.75073667313,0.1115,0.5945
"MC post-2005, 126d","C3 SMA steps, capped by 36% vol target",1254655.811524756,404034.00941297,0.108,0.5775
"MC post-2005, 126d",C4 blend SMA steps + vol target 32%,1165116.4430114515,362486.7290740436,0.1295,0.5715
"MC post-2005, 126d",C5 vol target 36% + RSI2 boost,1376725.3209410203,361508.0283768915,0.136,0.6255
"MC full pool, 21d",static 0.8,377308.8742332695,82820.95407452242,0.1785,0.15
"MC full pool, 21d",static 0.9,380297.70324234304,55246.58003551967,0.203,0.197
"MC full pool, 21d",static 1.0,374695.29722277,27315.23816131633,0.2285,0.235
"MC full pool, 21d",static 1.1,356795.5206599087,0.0,0.255,0.2745
"MC full pool, 21d",static 1.2,333127.0322619764,0.0,0.285,0.2985
"MC full pool, 21d",static 1.3,305038.60467423685,0.0,0.3135,0.322
"MC full pool, 21d",static 1.4,275891.5708849861,0.0,0.344,0.3405
"MC full pool, 21d",static 1.5,231857.45744346443,0.0,0.3665,0.3555
"MC full pool, 21d",static 1.6,195709.19211429264,0.0,0.3935,0.3705
"MC full pool, 21d",static 1.7,159801.0139498128,0.0,0.416,0.38
"MC full pool, 21d",static 1.8,117019.66779853194,0.0,0.4405,0.393
"MC full pool, 21d",static 1.9,73512.14478611933,0.0,0.463,0.407
"MC full pool, 21d",static 2.0,31004.034999413758,0.0,0.4825,0.4145
"MC full pool, 21d",static 2.1,0.0,0.0,0.508,0.417
"MC full pool, 21d",static 2.2,0.0,0.0,0.527,0.424
"MC full pool, 21d",static 2.3,0.0,0.0,0.548,0.4315
"MC full pool, 21d",static 2.4,0.0,0.0,0.5695,0.433
"MC full pool, 21d",static 2.5,0.0,0.0,0.587,0.4345
"MC full pool, 21d",static 2.6,0.0,0.0,0.6105,0.433
"MC full pool, 21d",U1 ladder 1.3 → 1.5 at -10% (reset at ATH),263644.0393030853,0.0,0.347,0.3485
"MC full pool, 21d",U2 ladder 1.3 → 1.4 at -5% → 1.5 at -10%,266237.7234485019,0.0,0.352,0.347
"MC full pool, 21d",U3 ladder 1.4 → 1.6 at -10%,231078.3959088574,0.0,0.373,0.365
"MC full pool, 21d",U4 delever highs 1.2 / 1.4 at -5% / 1.6 at -10%,246925.9397517798,0.0,0.362,0.357
"MC full pool, 21d",U5 ladder 1.3 → 1.6 at -10% → 1.9 at -20% (52w),229032.40605735412,0.0,0.37,0.3775
"MC full pool, 21d",S1 SMA steps 2.0/1.7/1.4/1.2/1.0,214220.78625960264,0.0,0.391,0.397
"MC full pool, 21d",S2 SMA steps 1.8/1.6/1.4/1.2/1.0,254747.13274599484,0.0,0.367,0.375
"MC full pool, 21d",S3 SMA steps 1.7/1.5/1.3/1.1/1.0,283524.77120234777,0.0,0.345,0.362
"MC full pool, 21d",V1 vol target 32% (1.0–1.6x),416092.6486021178,0.0,0.2615,0.3465
"MC full pool, 21d",V2 vol target 36% (1.0–2.0x),365553.7337836847,0.0,0.308,0.3835
"MC full pool, 21d",V3 vol target 28% (1.0–1.6x),391498.0214819584,0.0,0.2535,0.3205
"MC full pool, 21d",V4 vol target 30% (1.0–1.8x),387294.5644094794,0.0,0.267,0.3425
"MC full pool, 21d",O1 RSI2<5 boost: 1.3 +0.6 for 5d,376367.98037428886,0.0,0.3045,0.394
"MC full pool, 21d",O2 RSI2<10 boost: 1.3 +0.5 for 5d,258596.1758355793,0.0,0.363,0.365
"MC full pool, 21d",O3 RSI2<5 boost: 1.4 +0.4 for 5d,313918.31329121155,0.0,0.331,0.381
"MC full pool, 21d",C1 SMA linear 1.6→1.0 + RSI2 boost,344789.23052384553,0.0,0.3285,0.402
"MC full pool, 21d",C2 vol target 32% + RSI2 boost,487541.93038448034,0.0,0.257,0.4015
"MC full pool, 21d","C3 SMA steps, capped by 36% vol target",388355.52546566405,0.0,0.279,0.3355
"MC full pool, 21d",C4 blend SMA steps + vol target 32%,341319.0936451598,0.0,0.311,0.3605
"MC full pool, 21d",C5 vol target 36% + RSI2 boost,409048.6373162605,0.0,0.296,0.424
"MC full pool, 126d",static 0.8,482236.2817063286,151422.8149706553,0.1255,0.173
"MC full pool, 126d",static 0.9,498953.70269845624,129528.25440376863,0.144,0.23
"MC full pool, 126d",static 1.0,512766.58046816534,103608.7780214357,0.169,0.2785
"MC full pool, 126d",static 1.1,514259.2112384975,72303.41605504992,0.2,0.3195
"MC full pool, 126d",static 1.2,510454.5120426193,37733.68706390142,0.226,0.354
"MC full pool, 126d",static 1.3,499766.109543356,0.0,0.2515,0.385
"MC full pool, 126d",static 1.4,483236.0380379751,0.0,0.275,0.406
"MC full pool, 126d",static 1.5,456060.5277540451,0.0,0.297,0.4245
"MC full pool, 126d",static 1.6,426014.6058035671,0.0,0.317,0.4425
"MC full pool, 126d",static 1.7,393657.10349789175,0.0,0.336,0.4565
"MC full pool, 126d",static 1.8,352880.26993793354,0.0,0.354,0.468
"MC full pool, 126d",static 1.9,308360.5111364316,0.0,0.372,0.4775
"MC full pool, 126d",static 2.0,259850.5101226537,0.0,0.3945,0.4875
"MC full pool, 126d",static 2.1,211501.65792690488,0.0,0.411,0.492
"MC full pool, 126d",static 2.2,165555.46651935275,0.0,0.432,0.4985
"MC full pool, 126d",static 2.3,124669.38603294251,0.0,0.4495,0.5025
"MC full pool, 126d",static 2.4,76258.60505757711,0.0,0.4695,0.5075
"MC full pool, 126d",static 2.5,31615.705787228515,0.0,0.487,0.51
"MC full pool, 126d",static 2.6,0.0,0.0,0.5085,0.5135
"MC full pool, 126d",U1 ladder 1.3 → 1.5 at -10% (reset at ATH),485036.19288242934,0.0,0.2785,0.419
"MC full pool, 126d",U2 ladder 1.3 → 1.4 at -5% → 1.5 at -10%,475424.563590597,0.0,0.284,0.4185
"MC full pool, 126d",U3 ladder 1.4 → 1.6 at -10%,456797.7023591651,0.0,0.3015,0.4375
"MC full pool, 126d",U4 delever highs 1.2 / 1.4 at -5% / 1.6 at -10%,454531.7643022003,0.0,0.293,0.4355
"MC full pool, 126d",U5 ladder 1.3 → 1.6 at -10% → 1.9 at -20% (52w),412216.2767900545,0.0,0.311,0.4455
"MC full pool, 126d",S1 SMA steps 2.0/1.7/1.4/1.2/1.0,382900.85795134783,0.0,0.3365,0.4525
"MC full pool, 126d",S2 SMA steps 1.8/1.6/1.4/1.2/1.0,430336.3659812226,0.0,0.31,0.4375
"MC full pool, 126d",S3 SMA steps 1.7/1.5/1.3/1.1/1.0,452706.1851413816,0.0,0.288,0.421
"MC full pool, 126d",V1 vol target 32% (1.0–1.6x),666593.8656766565,125941.26731833926,0.1805,0.427
"MC full pool, 126d",V2 vol target 36% (1.0–2.0x),697624.0284530385,88890.11143400194,0.203,0.482
"MC full pool, 126d",V3 vol target 28% (1.0–1.6x),642014.5090640266,124900.55610527037,0.176,0.4065
"MC full pool, 126d",V4 vol target 30% (1.0–1.8x),660581.0435635768,115589.30868240312,0.185,0.4305
"MC full pool, 126d",O1 RSI2<5 boost: 1.3 +0.6 for 5d,630437.790706526,33640.29582831375,0.233,0.4695
"MC full pool, 126d",O2 RSI2<10 boost: 1.3 +0.5 for 5d,430505.35522276006,0.0,0.299,0.4225
"MC full pool, 126d",O3 RSI2<5 boost: 1.4 +0.4 for 5d,554872.1999137558,0.0,0.2605,0.457
"MC full pool, 126d",C1 SMA linear 1.6→1.0 + RSI2 boost,573215.2159720801,0.0,0.265,0.4635
"MC full pool, 126d",C2 vol target 32% + RSI2 boost,818961.9856482338,170350.176525118,0.17,0.499
"MC full pool, 126d","C3 SMA steps, capped by 36% vol target",701797.84904572,128450.52914189274,0.1815,0.4465
"MC full pool, 126d",C4 blend SMA steps + vol target 32%,585362.2096191847,19908.099116833226,0.2415,0.437
"MC full pool, 126d",C5 vol target 36% + RSI2 boost,792954.6784531961,101416.86275680686,0.1995,0.5275
