name,CAGR,MaxDD,Ulcer,C1,U1,D1,C2,U2,D2,AvgL,TO,xsU,xsU1,xsU2,xsDD,Leq
lin near1.4 far0.8 d0.12,0.16957237061347885,-0.3304070088927753,0.09562123874327372,0.11468103720747469,0.11099061771027915,-0.3304070088927753,0.22414669196733383,0.07809617542097591,-0.3087167290209204,1.048729111643321,3.137955166052328,0.03112932724057793,0.027019836448277185,0.009077436639914421,0.03293135831737587,0.9133568593238781
lin near1.4 far0.8 d0.16,0.17056203646952683,-0.33198256078058264,0.10056431584109196,0.11003048255634518,0.11687330252179132,-0.33198256078058264,0.23103935939311993,0.08190032271071292,-0.32349320653740876,1.1050365228296541,2.47026138629166,0.028933348211957366,0.021270725827965742,0.009707495844368225,0.03349386711647104,0.9494717180060637
lin near1.4 far0.8 d0.2,0.17139934528394396,-0.3373821005830294,0.10493745844486774,0.10677849061008526,0.12258374098913663,-0.3373821005830294,0.23619215732437748,0.08455548200956729,-0.3285866114922542,1.1566259436303017,1.9372139244212747,0.027022651942193388,0.017003397565104522,0.010524095071841572,0.032873816260372585,0.9813121089641216
lin near1.4 far0.8 d0.25,0.17530137207433527,-0.3426280885661367,0.10724056277392624,0.10994608319781829,0.12463511422112432,-0.3403897732368091,0.24086042361288462,0.08725216664628595,-0.3426280885661367,1.2028866040639115,1.5483887688782678,0.02947807167310665,0.01981599620006591,0.010843362087321506,0.03536091404854713,0.9980797912890511
lin near1.4 far1.0 d0.12,0.17081747002754533,-0.358294463913587,0.1082874352072818,0.10909358014860904,0.12784556206940587,-0.358294463913587,0.23254991281780701,0.0854258155366549,-0.3350950109243389,1.1720000586881247,1.625967259533924,0.0244006928263287,0.018408539027156945,0.0054745975821320625,0.026665645291514162,1.0056107440030237
lin near1.4 far1.0 d0.16,0.17176895750193966,-0.3621071244205635,0.11019519956480535,0.10681959993523704,0.1296772715816393,-0.3621071244205635,0.2369088018235661,0.08745694342677329,-0.34773626153416703,1.205082857243894,1.3725094553733006,0.024309986432561437,0.01584166384236256,0.0065619015659666435,0.026594622109920835,1.0192790393598952
lin near1.4 far1.0 d0.2,0.17492505841804995,-0.37351846012685475,0.11594004709275686,0.10773381167572671,0.13895263442138106,-0.37351846012685475,0.24243582237654993,0.0883951197138593,-0.34707781427181006,1.2387027012799818,1.1223770577924517,0.024349915797804628,0.015382576683757171,0.01057777971197163,0.026923116993108814,1.0604264288404683
lin near1.4 far1.0 d0.25,0.173451399823358,-0.38499834312365533,0.12385534106212993,0.10383057089695713,0.15051400902211806,-0.38499834312365533,0.24355844025119233,0.09128957062274656,-0.3538834435343283,1.269305604493957,0.8706993706566517,0.01870832698351499,0.01027271395227887,0.007090700016928575,0.02278246340016052,1.1170660769723653
lin near1.4 far1.2 d0.12,0.17068197974230404,-0.4332892421580612,0.13937243664220006,0.09980422514884024,0.17418077990209152,-0.4332892421580612,0.24214454325782842,0.09488127147712845,-0.3703664526450414,1.2943585188933926,0.6620224136614596,0.00815055659896713,0.004328196731869752,1.3585759727180458e-05,0.009843995165917718,1.2280975672779415
lin near1.4 far1.2 d0.16,0.17146700901114187,-0.43059113849208264,0.13641549171397693,0.1005010445026997,0.1703625587215688,-0.43059113849208264,0.24302108606270867,0.09302316838885502,-0.36170779112534945,1.2921004992821623,0.5781083905264337,0.010373203651062174,0.005288979834358928,0.0038028694490196413,0.01118373241534018,1.2069415627225981
lin near1.4 far1.2 d0.2,0.17363304648356848,-0.4314024837234295,0.1375583229722863,0.10243058333320798,0.17075363123451295,-0.4314024837234295,0.24543225903462362,0.09554235771653592,-0.3682397473020429,1.3219246202961188,0.5553868320480522,0.011983615442223539,0.007190384555359475,0.0022649904029815038,0.01318200225587024,1.2151181584636999
lin near1.4 far1.2 d0.25,0.17361769533285032,-0.4491442039360253,0.14670715215302627,0.09862344464151018,0.18488304034743835,-0.4491442039360253,0.2494947005833721,0.09709278370002508,-0.369637893936126,1.3376959726704953,0.493537050911479,0.007583819029230415,0.0025412524795208197,0.003904065962820502,0.009549872792275094,1.280597940174334
lin near1.6 far0.8 d0.12,0.17788071624976687,-0.36507689998111736,0.10760893451259802,0.12001906446039468,0.12527928560833693,-0.36507689998111736,0.23553728270597363,0.08737580322575474,-0.3411240730866969,1.1219625057768927,4.800121768551996,0.031834597647320106,0.029777502406107895,0.005321076860882457,0.03190992201988363,1.0007495839450706
lin near1.6 far0.8 d0.16,0.18441391202317403,-0.37456874510712856,0.11416653202643207,0.11796411325550626,0.13300941885431938,-0.37456874510712856,0.2511050165690041,0.09252052597851053,-0.34792628340069487,1.2070767772180657,3.9291437287574063,0.03478543908443965,0.026453358408517896,0.012680325467232662,0.03615949293498655,1.0477318956216128
lin near1.6 far0.8 d0.2,0.18674228823098016,-0.37421235995903857,0.11909289841869102,0.11542349426158083,0.13897619673128306,-0.37421235995903857,0.2586161735532502,0.09617361544197624,-0.36559874257194147,1.271517225287185,3.1107339021532505,0.0344927812262944,0.023069682339605477,0.014459352621149002,0.0385735404520996,1.0829894210170656
lin near1.6 far0.8 d0.25,0.18698277062388202,-0.3796750034836298,0.12409420331200048,0.11200658859510182,0.14567913687460665,-0.3796750034836298,0.2627835585624976,0.09895929344307908,-0.37857711685294904,1.332818394663308,2.3425141214513414,0.03211641085119238,0.018919698818948477,0.01430686655584787,0.03750085975294515,1.1187749467333552
lin near1.6 far1.0 d0.12,0.1840646574244882,-0.3745687451071287,0.11629701193535062,0.11769373254851478,0.13605647300039683,-0.3745687451071287,0.25067316098022596,0.09348206010626375,-0.3606230136443873,1.2487291116433212,3.1978660130062666,0.03329994379148371,0.02569574605749264,0.010735591024276181,0.035810238336300676,1.0629810037690457
lin near1.6 far1.0 d0.16,0.18450034719521025,-0.37600391991465154,0.12139674100452238,0.11267866483811706,0.14216903940024417,-0.37600391991465154,0.25692142790346306,0.09733484430564841,-0.37448775580578775,1.305036522829654,2.5301722332455983,0.03102735339260823,0.0199756625306627,0.010956511390549345,0.03590092690395977,1.0994765867177265
lin near1.6 far1.0 d0.2,0.18489682186768897,-0.3878394645646588,0.12721991622753873,0.10907813674483346,0.15041112781388194,-0.3878394645646588,0.2616149505559813,0.09995730725965003,-0.3792695442696685,1.3566259436303019,1.9971247713752132,0.02841714915616264,0.01553024145906269,0.011595097493000917,0.03361081185922046,1.141136941086978
lin near1.6 far1.0 d0.25,0.18845216884928262,-0.39847963385940877,0.1304700413948185,0.11186769428727183,0.15411582935312168,-0.39847963385940877,0.2659817059805507,0.10268143705054876,-0.3923761144908212,1.4028866040639114,1.6082996158322058,0.03032462808623984,0.0179610845800756,0.011788791614883554,0.034858115472554047,1.1643939338139369
lin near1.6 far1.2 d0.12,0.18384009061296003,-0.4220649150562238,0.13662450689913316,0.11073228888896236,0.16576811986335638,-0.4220649150562238,0.2576437359584154,0.10113292298101202,-0.3853234455902115,1.3720000586881247,1.6858781064878623,0.02264466552223085,0.01585075229836956,0.005813853206637021,0.02531984196086179,1.2084370001814075
lin near1.6 far1.2 d0.16,0.18460410553894713,-0.42884121874647463,0.13873541356157837,0.10828943085289233,0.16811959352801098,-0.42884121874647463,0.2618590316413023,0.10294869025987345,-0.39713745397687417,1.405082857243894,1.4324203023272382,0.02238239249548596,0.013238727124758029,0.007258289025978748,0.02468267231189533,1.2235398688687291
lin near1.6 far1.2 d0.2,0.18758368219154398,-0.44251560007123825,0.14463293609325859,0.10900591954097938,0.17733253929714266,-0.44251560007123825,0.267274241499996,0.10407777904373497,-0.39651431118498415,1.438702701279982,1.1822879047463895,0.02252740301594411,0.013342486296499742,0.010950510024810012,0.024865748121345677,1.265746511617051
lin near1.6 far1.2 d0.25,0.18599211143754957,-0.4555944823870476,0.15246284999806187,0.10504506727055962,0.18848560404171907,-0.4555944823870476,0.26826451831634235,0.10719058017674787,-0.4026818546073564,1.469305604493957,0.9306102176105896,0.01729150988918285,0.00879355358411564,0.007283024909502722,0.020630088594228907,1.3218225689153402
lin near1.6 far1.4 d0.12,0.18278685233884207,-0.4994618738360004,0.1676902778376525,0.10056421431640072,0.2114374640854632,-0.4994618738360004,0.2664662319908786,0.11082114033783325,-0.41821629003093863,1.4943585188933928,0.7219332606153975,0.007380660316436305,0.003637345302152123,0.00013322725449987916,0.008801287426117188,1.4309510705573445
lin near1.6 far1.4 d0.16,0.18364641617760435,-0.4975367627039087,0.16503232059557452,0.1012279088185013,0.20808012975282286,-0.4975367627039087,0.26753523115091027,0.10901530991916981,-0.4100323401378688,1.4921004992821623,0.6380192374803714,0.009371194443878739,0.004354414929679709,0.003844375273373224,0.0100277468272649,1.4118851115735238
lin near1.6 far1.4 d0.2,0.185589986223337,-0.49847525012251703,0.16623409586243648,0.10299952574987747,0.2085622950024148,-0.49847525012251703,0.2696565396412265,0.11161959098630721,-0.41621842639244977,1.521924620296119,0.61529767900199,0.01080340482626746,0.0061154632445516305,0.0021553047942550196,0.011792456097896281,1.4205056407464638
lin near1.6 far1.4 d0.25,0.18555591989131148,-0.5136914131387675,0.1747820347692038,0.09921657406433027,0.22164540194210294,-0.5136914131387675,0.27373038945835004,0.1131242477953131,-0.4175085285320014,1.537695972670495,0.5534478978654166,0.007201592457122957,0.0022284318282787957,0.004037142005804684,0.00886150782481257,1.4818358034673547
lin near1.8 far0.8 d0.12,0.18872959995785443,-0.3984338693077294,0.1207452823043264,0.12735061721926533,0.13963171930162996,-0.3984338693077294,0.2500487161564289,0.09930982128753128,-0.3624273701908648,1.1973077657885904,6.701599153763822,0.03560257211836959,0.0349251130146558,0.0010300267247568273,0.03514514386391479,1.0948145027700977
lin near1.8 far0.8 d0.16,0.19567902134192994,-0.40974303017879854,0.12800986381931317,0.12229395910457552,0.1494795199231059,-0.40974303017879854,0.269733390690996,0.1032536087604796,-0.3825865194192293,1.3063502131110334,5.56342894397509,0.03879162319135984,0.02883626843636855,0.014667342612346868,0.039722921453781396,1.1467883889531927
lin near1.8 far0.8 d0.2,0.1990059335284824,-0.4164491929072198,0.13404656483975513,0.12169560980205762,0.15690921212221293,-0.4164491929072198,0.27727338605700225,0.10756504880021704,-0.3948443137533082,1.389938268628278,4.38653972722638,0.03908513896221477,0.02754178909327852,0.01573452594563579,0.0416468877403777,1.1899898818774945
lin near1.8 far0.8 d0.25,0.20072524806669767,-0.4160591553620063,0.139296589545728,0.11827902172967164,0.16335230738960202,-0.4160591553620063,0.2845574010449399,0.11133664758962264,-0.41480895410907415,1.463668493864574,3.3491233784364547,0.0382307005288737,0.023581608186589595,0.017470146694110622,0.04344685311966909,1.227554905321962
lin near1.8 far1.0 d0.12,0.19151002832811437,-0.4074944570768657,0.12805699212132376,0.12221798448003862,0.14996984048163267,-0.4074944570768657,0.26120120118914314,0.10271570247072595,-0.39191716138041277,1.3219625057768927,4.860032615505933,0.03459830526304519,0.0287128176376778,0.006955997811232073,0.03602547663914887,1.1471255545381118
lin near1.8 far1.0 d0.16,0.19736198792155357,-0.4164491929072198,0.13485422355285304,0.11961094133884043,0.1580932818019089,-0.4164491929072198,0.27611304984370544,0.10788668259517628,-0.39830870390789663,1.4070767772180657,3.9890545757113443,0.037036236675630774,0.025357222713534175,0.014095463459627255,0.04000294213344888,1.1957700174733623
lin near1.8 far1.0 d0.2,0.19920339142836085,-0.4160591553620059,0.1398647158059773,0.11663212781514298,0.1641949765493073,-0.4160591553620059,0.2831794895265247,0.11154821312632764,-0.41480895410907415,1.471517225287185,3.170644749107188,0.03643263028673446,0.021863764574258676,0.015782689143245154,0.041924996481332355,1.2316196687996734
lin near1.8 far1.0 d0.25,0.1989658683476656,-0.42691455364764475,0.14497540896630573,0.11278682228196635,0.17103394100183095,-0.42122400888039957,0.2868890732699696,0.11438649708343866,-0.42691455364764475,1.5328183946633083,2.402424968405279,0.03374817855356288,0.0175264577664892,0.015384004084712521,0.039442825384832014,1.2681986242515644
lin near1.8 far1.2 d0.12,0.19630656593485862,-0.42145321804993174,0.13730266909024433,0.11846926959384918,0.16161220267320087,-0.42145321804993174,0.2751556115585154,0.10895206083147589,-0.4101072707324347,1.4487291116433212,3.2577768599602046,0.034781429588242124,0.023918665684261153,0.01155729676520545,0.037912802229265186,1.2132890358982278
lin near1.8 far1.2 d0.16,0.19638306346917012,-0.43711273818405794,0.1448859152132752,0.11318953156030598,0.17203463917889789,-0.43711273818405794,0.28105244471755797,0.1128009145876447,-0.42307956974270355,1.505036522829654,2.590083080199536,0.03120755290491492,0.017857175914882534,0.011823306960357327,0.03476600881049283,1.2675578471863223
lin near1.8 far1.2 d0.2,0.19647603858932716,-0.4604015678869766,0.1558090073661902,0.10934266170623452,0.18896172325718627,-0.4604015678869766,0.28546131947160003,0.1153553245636519,-0.4275561749422284,1.5566259436303018,2.0570356183291505,0.02624888346799739,0.013068770280428701,0.012565603683954762,0.030149509863575147,1.3457961916211165
lin near1.8 far1.2 d0.25,0.19975289655095185,-0.46720128500191005,0.1592940926991017,0.11184271408202484,0.19293502361697254,-0.46720128500191005,0.28957380730606164,0.11830350186984795,-0.4397572633906618,1.6028866040639114,1.6682104627861434,0.027980999869646223,0.015398921642733793,0.012480184724230015,0.03206816172271404,1.3707626599992655
lin near1.8 far1.4 d0.12,0.19509764664052076,-0.48886837322381904,0.165523809690557,0.11051756422591552,0.20429164366243432,-0.48886837322381904,0.28128957780588126,0.11696189630029732,-0.43316467963385363,1.5720000586881249,1.7457889534418003,0.020613294543508742,0.013727110449700264,0.0060909971783281724,0.023160352214595004,1.415410642675975
lin near1.8 far1.4 d0.16,0.1956683868000122,-0.49804925949114887,0.16781288699944974,0.10790893354076214,0.20697164378153038,-0.49804925949114887,0.2853469997142488,0.11874522270584661,-0.44417983554428386,1.6050828572438938,1.4923311492811757,0.02021002414185752,0.01105973663962441,0.007629438520879661,0.02195204371341891,1.431830565988219
lin near1.8 far1.4 d0.2,0.1984622587947389,-0.5104608801705015,0.17360845898267255,0.10842565321099995,0.21587487090081092,-0.5104608801705015,0.29063529392646936,0.11991919965286385,-0.4435904308642573,1.638702701279982,1.242198751700327,0.0205889239053397,0.01145729542996407,0.011259469217767104,0.022380458216703147,1.4734137419844737
lin near1.8 far1.4 d0.25,0.19675284685384797,-0.521727156264115,0.1811013116322005,0.10441275420080265,0.2263520721449745,-0.521727156264115,0.29148670617773687,0.12311881251472079,-0.4491561572618752,1.669305604493957,0.9905210645645273,0.015865291298066242,0.0074399997839701,0.007644782105049597,0.018556155593088486,1.5272545183824322
lin near2.0 far0.8 d0.12,0.19880538089279565,-0.44643385863222496,0.13586111176877502,0.13376112564350007,0.15855436283310742,-0.44643385863222496,0.2639617415584019,0.10986273787011072,-0.38916213746786066,1.27948779721241,8.723462774814244,0.037981105905194795,0.039468506406889634,-0.0009690041617185785,0.03528906806169635,1.2029751497758645
lin near2.0 far0.8 d0.16,0.20672366904546635,-0.44342387292353047,0.14249209063134674,0.12973594351297812,0.1651440480494632,-0.44342387292353047,0.2846094227597591,0.11661216777821169,-0.41241727780812154,1.4049883780538075,7.291435959680454,0.04267639004863,0.03489930321187541,0.00990964507073433,0.043820666597802316,1.2504180152050963
lin near2.0 far0.8 d0.2,0.20986907114677122,-0.45106874723796675,0.14901621242478685,0.12595270728692198,0.17466415679293293,-0.45106874723796675,0.29525823057253997,0.11927061096467785,-0.43237514140822264,1.5068864764186538,5.821985741959637,0.04274691347561088,0.03044793709385263,0.016798549030710985,0.04541510333464968,1.2971308579959973
lin near2.0 far0.8 d0.25,0.21142953793003993,-0.4571258434702793,0.1558355885385763,0.12311887739684901,0.182611692023388,-0.4571258434702793,0.30162402804194777,0.12471751556447343,-0.4462816788325402,1.5969110939474669,4.457377250815384,0.041190256187270874,0.02714343925600471,0.015561702751406725,0.04576025889730362,1.3459866330522134
lin near2.0 far1.0 d0.12,0.20151732357501673,-0.4391412178321388,0.1409293367882887,0.12868463391866625,0.16396105243468975,-0.4391412178321388,0.27495653045291824,0.11452920284107247,-0.41278466278866255,1.3973077657885904,6.76151000071776,0.038228961296490116,0.03393586160612724,0.0032466226549588972,0.039486948804167005,1.2392366947836602
lin near2.0 far1.0 d0.16,0.20761200110555622,-0.4498002871332897,0.14854655887511298,0.12296299027590307,0.17434546406809173,-0.4498002871332897,0.2938130803355423,0.11854434209385706,-0.4316069890293388,1.5063502131110333,5.623339790929029,0.04071119547685237,0.02747716967499518,0.01637926661323419,0.04341254036068126,1.2937681291680094
lin near2.0 far1.0 d0.2,0.2103436299703132,-0.4561199418168218,0.15464663051890057,0.12177023577773238,0.1818581319072016,-0.4561199418168218,0.30083330551016507,0.12288435262143278,-0.44301443046552147,1.589938268628278,4.446450574180318,0.04064676387431759,0.025837709053656413,0.01731701729128765,0.04487617760821164,1.3374683155193305
lin near2.0 far1.0 d0.25,0.2115200380588984,-0.4615864486114677,0.15998707637735007,0.11789531766308059,0.18841940154185896,-0.4557020973645941,0.307583975432806,0.1267036253676555,-0.4615864486114677,1.663668493864574,3.4090342253903927,0.03944280005022213,0.021646915513072962,0.01880684610416694,0.044955771845687914,1.3757269583534335
lin near2.0 far1.2 d0.12,0.2028718753778176,-0.4476811402446099,0.1487740848724645,0.12216808603829366,0.1751016190696048,-0.4476811402446099,0.28479772356766997,0.118068438659389,-0.44023251410785835,1.5219625057768926,4.91994346245987,0.03586383465153878,0.026637304169767673,0.00803613199095432,0.03910141822911109,1.2953972198688928
lin near2.0 far1.2 d0.16,0.20825466921576608,-0.4561199418168216,0.15566187123079997,0.1191251881233184,0.18336421742495748,-0.4561199418168216,0.2993686314814825,0.12325800567274693,-0.44622304298437543,1.6070767772180654,4.048965422665281,0.03809463920795647,0.023114381073275667,0.015333385292066959,0.042787216853664545,1.3447420313386895
lin near2.0 far1.2 d0.2,0.20971735061241703,-0.4615864486114677,0.1616543804594743,0.11581481592922649,0.19114929242316805,-0.45958664867362675,0.3061014107529667,0.12694738371485895,-0.4615864486114677,1.6715172252871848,3.2305555960611256,0.036905467824150634,0.01943810812667708,0.01699161594962323,0.04315308439920654,1.3876709552621456
lin near2.0 far1.2 d0.25,0.20906855815962055,-0.4910121030523411,0.17324298233445198,0.11162853514220905,0.2088860895551487,-0.4910121030523411,0.3093978869693361,0.1300837367053776,-0.47284213144368537,1.7328183946633076,2.4623358153592165,0.031345014655751124,0.014737375359638732,0.016038288529999,0.03671523341975316,1.4707909315642207
lin near2.0 far1.4 d0.12,0.20674400252369907,-0.48521372356000725,0.16543379927565538,0.11737816209808871,0.1994181861559103,-0.48521372356000725,0.29812727509740555,0.1244026329876019,-0.4571480237462586,1.6487291116433211,3.317687706914142,0.032297950179336926,0.020710748344492394,0.012502282842086154,0.035515960274401626,1.414764983351038
lin near2.0 far1.4 d0.16,0.2064529101608763,-0.4996853379411993,0.1738887879608607,0.11184095375065328,0.21122312193000653,-0.4996853379411993,0.303647022597465,0.1282433447961901,-0.4692548733740586,1.7050365228296538,2.649993927153474,0.028464681840524975,0.01491608878788575,0.01276858473731729,0.03242475654395499,1.475425497779736
lin near2.0 far1.4 d0.2,0.20623551444195298,-0.5279713030669542,0.1848791755682669,0.10775314377468836,0.2277326283580863,-0.5279713030669542,0.30775134940022086,0.131263716560682,-0.4734350243987081,1.7566259436303018,2.116946465283088,0.02386564642653513,0.010784902898960946,0.01281255713710755,0.026871482254350654,1.5544440885790411
lin near2.0 far1.4 d0.25,0.20922237169566604,-0.5344539160783808,0.1885836860936768,0.109958889227467,0.23184850558181735,-0.5344539160783808,0.31159159975174333,0.13460442120896465,-0.4847657948365276,1.802886604063911,1.7281213097400807,0.0254465828840183,0.013052747899883865,0.01222604062983057,0.028670485140867064,1.5811523263396843
lin near2.2 far0.8 d0.12,0.2086457130167847,-0.4791670947105504,0.149595571775694,0.13939427039633312,0.17520274327488708,-0.4791670947105504,0.27823430770668134,0.12014469424740298,-0.41773899094521505,1.3581435576144405,10.698035539772803,0.041253195139773574,0.04385747564361374,-0.0014600321653545079,0.03859872653250507,1.3012798870467988
lin near2.2 far0.8 d0.16,0.21563841883806423,-0.47565521373189057,0.1569482536809516,0.13226201907480672,0.18228041862167368,-0.47565521373189057,0.3004095409607124,0.12793561959369892,-0.44200007897057947,1.5039402557538823,8.953097300281922,0.04490014188270994,0.03630438302004729,0.009951066362293648,0.046284736598099174,1.3539578705901112
lin near2.2 far0.8 d0.2,0.21973563703764976,-0.4841226480235561,0.1650898158088828,0.12828368964402204,0.19287878100021527,-0.4841226480235561,0.3133428234497748,0.13293273682838158,-0.46248316287708047,1.6206679887207898,7.365559492009087,0.045435950885549165,0.03184183716039364,0.016170343478638327,0.048719338120895656,1.4122975340765451
lin near2.2 far0.8 d0.25,0.22240222828919776,-0.49081977683959077,0.17202461099332328,0.12323323970257283,0.20253217533952314,-0.49081977683959077,0.32456971202616014,0.1363464831155043,-0.4846313068160034,1.7289481287346007,5.726487255309022,0.045178036883926104,0.02648135184534893,0.02291973277623327,0.05008622799833751,1.4620473987973295
lin near2.2 far1.0 d0.12,0.210561698514518,-0.4846681189822879,0.15537519433496608,0.13408252993845426,0.1817571866166123,-0.4846681189822879,0.28788290718358,0.1249921006727805,-0.43864134201364446,1.4794877972124099,8.783373621768183,0.040532453640662186,0.03815600546023515,0.0014415549949692852,0.0394395408971068,1.3426881280152398
lin near2.2 far1.0 d0.16,0.21758356542133672,-0.48171430280271654,0.16288435804392548,0.12936460499920477,0.1898585188957418,-0.48171430280271654,0.30764242445854273,0.13178476611778023,-0.4603050494941304,1.6049883780538075,7.3513468066343925,0.044229731934863736,0.033048563921781265,0.012006299746276261,0.047034650316187504,1.3964820945282077
lin near2.2 far1.0 d0.2,0.2199799395832731,-0.48891324643065814,0.16958160458271027,0.12488176811295482,0.19947715149086534,-0.48891324643065814,0.31762494692048016,0.1346896426145669,-0.4788525684540542,1.7068864764186538,5.881896588913574,0.04376898128359866,0.028212320489989673,0.018147634310608896,0.04803393668388187,1.4445178644753998
lin near2.2 far1.0 d0.25,0.22088786198835875,-0.4946162572727,0.176568663475518,0.1214490503557637,0.20749203023638538,-0.4946162572727,0.3233682538640168,0.14044934114406069,-0.4917406268805099,1.796911093947467,4.517288097769321,0.041801280959722964,0.024588447064638266,0.016426843647217693,0.047835084644044595,1.4946573843012037
lin near2.2 far1.2 d0.12,0.211945921821592,-0.4776809883626869,0.16134051428728222,0.12771395510803774,0.18863704739940085,-0.4776809883626869,0.29766891978097965,0.12979125064190555,-0.4606020467600669,1.5973077657885906,6.821420847671699,0.039272334229362715,0.031455323540449304,0.0047007620792952065,0.042192317671377044,1.3854225252183379
lin near2.2 far1.2 d0.16,0.21740169550910227,-0.48771885126502956,0.16921014258999,0.12144011374482999,0.19935959215579838,-0.48771885126502956,0.3160242933655324,0.13391605247099533,-0.47812615708363504,1.7063502131110333,5.683250637882967,0.04134879561250884,0.024774721052287868,0.017561413645889756,0.045687487022008505,1.4418533072714188
lin near2.2 far1.2 d0.2,0.21963806701482125,-0.4936692061078165,0.17553003995779282,0.1197602760779577,0.20698861238584312,-0.4936692061078165,0.3226192657926583,0.138626040757816,-0.48870942629489156,1.789938268628278,4.506361421134256,0.04097716805512561,0.022910707240701086,0.018021729966817723,0.0467690824172437,1.4872037956840576
lin near2.2 far1.2 d0.25,0.22031707608326823,-0.5059358690141113,0.18340744696255762,0.11548906019943939,0.21799142525950277,-0.5036965999360459,0.3288640494644237,0.14237752124076608,-0.5059358690141114,1.8636684938645744,3.4689450723443307,0.038518888339974494,0.018500913105898603,0.019479216875519012,0.04509767066016582,1.5438462915255595
lin near2.2 far1.4 d0.12,0.21233793033371717,-0.48702044675472256,0.17002652820208378,0.12018169913537458,0.20109110939319433,-0.48702044675472256,0.3067692231165855,0.13350239760996702,-0.4860681286653167,1.7219625057768924,4.979854309413809,0.03593765544674876,0.023461398111413678,0.008848781921679927,0.040759260123795965,1.4477093738584765
lin near2.2 far1.4 d0.16,0.21722179245229833,-0.5133787169933859,0.18168220398639703,0.11669531648669107,0.2173383558229011,-0.5133787169933859,0.3209483376416953,0.13904156964908973,-0.4916670854882186,1.8070767772180654,4.10887626961922,0.036104857784090866,0.019713275447131487,0.01581663447057935,0.04058583881409966,1.5314338195858501
lin near2.2 far1.4 d0.2,0.2182867891849074,-0.5292866206836764,0.19083393924316844,0.11305241655917198,0.23053483176485007,-0.5292866206836764,0.3273098919462256,0.1426498846281283,-0.5059358690141115,1.8715172252871848,3.2904664430150645,0.03365699343281453,0.01612528630393062,0.01758219421891105,0.03868129392155817,1.5973758721296127
lin near2.2 far1.4 d0.25,0.21720784087946288,-0.5572446979468578,0.20252544256799568,0.10852359575367831,0.24779456357750548,-0.5572446979468578,0.33015539115884174,0.14645435084120506,-0.516374521347023,1.9328183946633084,2.5222466623131554,0.028379230295987934,0.012031362365293619,0.015684908101319228,0.032538101799084895,1.6820548531460509
step A 2.0/1.7/1.4/1.2/1.0,0.2138759356885902,-0.45976329841327745,0.15208746822519256,0.12732288560234029,0.17737420148824673,-0.45976329841327745,0.30212749634968894,0.12289926926224166,-0.42873721742975646,1.5518991899189918,9.308647845468055,0.04534658740884051,0.03165697510793168,0.018590490757798783,0.047677470976255104,1.3191331374262205
step A 2.0/1.7/1.4/1.2/1.0 below=1.3,0.19832851793166162,-0.3729737002228857,0.13709859855459855,0.11034632265886857,0.15083276949474203,-0.3717407205824136,0.2882369116423771,0.12090109515131167,-0.3729737002228857,1.459027902790279,12.386567607726597,0.03690259730877504,0.01675760115538591,0.007475123268017914,0.050457531162045155,1.211828975840793
step A 2.0/1.7/1.4/1.2/1.0 below=1.0,0.18958501227725466,-0.3645587208066985,0.13606971017746075,0.10134863825062146,0.1468073589352028,-0.34558352087013133,0.27982458857428627,0.12245775840763182,-0.3645587208066985,1.4192259225922592,13.734561664190194,0.028659320188840265,0.008149684399018628,-0.0030992129335665197,0.04375318760067537,1.2044676053310124
step B 1.8/1.6/1.4/1.2/1.0,0.2028462755189111,-0.4277712204629469,0.1407931502263136,0.12016690452949708,0.16431105581480757,-0.4277712204629469,0.2869218875670254,0.11360176629648928,-0.4082923345162749,1.4765436543654367,7.1144130757800905,0.03962412489737793,0.025390190441496013,0.016543214179728483,0.0431460934574856,1.2382623230603245
step B 1.8/1.6/1.4/1.2/1.0 below=1.3,0.1911082298190896,-0.36894088402675507,0.12978229234477498,0.10749361792414858,0.14494642736452434,-0.3644563305255648,0.2762651116137791,0.11219137466587888,-0.3689408840267552,1.4102070207020703,9.316136701337298,0.033325523535295304,0.01448686210472197,0.007927287915013459,0.044206690417211064,1.1594719504307167
step B 1.8/1.6/1.4/1.2/1.0 below=1.0,0.182417487831936,-0.357721991402971,0.13042074161406703,0.09851914298891828,0.14441968668862132,-0.357721991402971,0.2679310344216741,0.11349948938489964,-0.3473013432605405,1.3704050405040504,10.664130757800892,0.0243146657714802,0.005569995012638523,-0.002300831569559292,0.038419193482702646,1.164041112240952
step C 1.7/1.5/1.3/1.1/1.0,0.19591399099911277,-0.4074167758152477,0.13112335112268925,0.11922869075673437,0.15275141120940727,-0.4074167758152477,0.2735199293494921,0.1061984710529373,-0.3879431229748468,1.3882088208820882,6.7287369985141146,0.03745888348801843,0.025454193301988393,0.01401511131199712,0.04044572984524028,1.1690694468146052
step C 1.7/1.5/1.3/1.1/1.0 below=1.3,0.18629104760455117,-0.35777098080234904,0.1212823865046832,0.10885541725426395,0.13573004526567592,-0.35777098080234904,0.26475042776481494,0.10468330333037845,-0.35610173901806597,1.3351395139513953,8.481129271916789,0.03287878330738328,0.016909627381424985,0.007502666563025284,0.04227961487522791,1.0986582228246986
step C 1.7/1.5/1.3/1.1/1.0 below=1.0,0.1776354945021712,-0.35096578785853005,0.12175647094089795,0.09986995408454824,0.13526579824703333,-0.35096578785853005,0.25649157646137266,0.10561819211417274,-0.334021918322537,1.2953375337533755,9.829123328380385,0.023975737505791767,0.00799839848103534,-0.002149542618358591,0.03544913439297087,1.1020503275839109
step D 1.6/1.5/1.4/1.3/1.2,0.18875239944315858,-0.4380060857706085,0.14345774920292167,0.1091426691069608,0.17432589688426176,-0.4380060857706085,0.26955720963893537,0.10570599950751361,-0.39676953802725834,1.4382718271827182,3.766894502228827,0.024249996669908458,0.013658011978339615,0.010785396251611401,0.026953317557818518,1.257332149930328
step D 1.6/1.5/1.4/1.3/1.2 below=1.3,0.1813535671661437,-0.4274024294129626,0.14375754373685562,0.10123778719320575,0.17498846930206646,-0.4274024294129626,0.2627440410954409,0.10497280598631922,-0.37380084265214386,1.3984698469846986,5.092421991084698,0.016709868468590128,0.005713733253436493,0.005063527836022597,0.02172964265665797,1.259478684801475
step D 1.6/1.5/1.4/1.3/1.2 below=1.0,0.1727340793522507,-0.41998510535775746,0.14646742182069822,0.09231409787660194,0.17850627743136996,-0.41998510535775746,0.2544983252088133,0.10597849446123896,-0.3523279295998557,1.3586678667866785,6.440416047548293,0.006813190161655797,-0.0034191262893963764,-0.0046790752019333914,0.01464388776393527,1.2788814661904315
step E 2.0/1.6/1.3/1.3/1.3,0.20875529636973789,-0.4543224143549589,0.1503650556605474,0.12570179023255723,0.17579970443018852,-0.4543224143549589,0.2932090217029546,0.12097976678846802,-0.4292531349814954,1.5530693069306933,7.983120356612183,0.041011731532129836,0.030129499939627963,0.012337968134549848,0.043648504497412144,1.3067928723323559
step E 2.0/1.6/1.3/1.3/1.3 below=1.3,0.19328687295437064,-0.41565372161737635,0.14560000373072896,0.10876670046644676,0.1685789370217442,-0.41565372161737635,0.27942291461122637,0.11815488932041533,-0.3734773186955186,1.4601980198019804,11.038573551263,0.02777480589662601,0.013682951152835077,0.0025392099236692944,0.036092312430223455,1.272670735282333
step E 2.0/1.6/1.3/1.3/1.3 below=1.0,0.1845801542472989,-0.4094618884535086,0.14842965559741222,0.0997818177862666,0.17199923006399515,-0.4094618884535086,0.2710681485705555,0.11950570048812757,-0.3587984741309612,1.4203960396039603,12.386567607726596,0.01773444620980219,0.004452009504524512,-0.007723601143961367,0.028683012582105955,1.2929310993568144
step F 1.3/1.3/1.3/1.1/1.0,0.17073190401097538,-0.3828549736088125,0.1204502453425012,0.1017987893285559,0.1461208279179619,-0.3828549736088125,0.24011413227154144,0.08912434511174364,-0.3485161692176162,1.2374977497749777,2.340267459138187,0.017761559544699462,0.00866631008335031,0.00708862893260126,0.020528493873277848,1.0927031070925686
step F 1.3/1.3/1.3/1.1/1.0 below=1.3,0.17073190401097538,-0.3828549736088125,0.1204502453425012,0.1017987893285559,0.1461208279179619,-0.3828549736088125,0.24011413227154144,0.08912434511174364,-0.3485161692176162,1.2374977497749777,2.340267459138187,0.017761559544699462,0.00866631008335031,0.00708862893260126,0.020528493873277848,1.0927031070925686
step F 1.3/1.3/1.3/1.1/1.0 below=1.0,0.1621900353264505,-0.37631553846422205,0.12214859957466165,0.0928706927804952,0.14875287401783102,-0.37631553846422205,0.2320162901484928,0.08897395181187395,-0.3261761823087156,1.197695769576958,3.6882615156017833,0.00832788411933133,-0.0005166390847877039,-0.0007701206049452458,0.013515705153884477,1.1048556966408474
step G 1.8/1.4/1.4/1.4/1.4,0.1956896993647419,-0.4926339622594035,0.15967009682866623,0.11687047323292843,0.1966234226587029,-0.4926339622594035,0.27560458971164814,0.11362791234627469,-0.4179199441255099,1.508010801080108,4.463358098068353,0.023752128362926617,0.020299458217241953,0.005188386510176335,0.023021622930838287,1.373456225143939
step G 1.8/1.4/1.4/1.4/1.4 below=1.3,0.1840481000088079,-0.4750178356023975,0.15958228362486082,0.10426846283820201,0.19745846472141998,-0.4750178356023975,0.26505999732407415,0.11119991647900379,-0.3790845905235122,1.441674167416742,6.620148588410106,0.01214922111627631,0.007668645027206378,-0.001827202833318109,0.014820246908581913,1.372827161348054
step G 1.8/1.4/1.4/1.4/1.4 below=1.0,0.17540887317810583,-0.46762126098178247,0.16254304197623703,0.09532012518571675,0.20137607289587986,-0.46762126098178247,0.2567990914841529,0.11218326741473854,-0.35779287623426825,1.401872187218722,7.968142644873701,0.0022054298154296215,-0.0014064219747712686,-0.011526870323192884,0.00764122804307657,1.3940370228096939
step H 1.4/1.4/1.4/1.2/1.0,0.1784645185765097,-0.3912495031730421,0.1280360403262347,0.10358572969469981,0.1542717521573625,-0.3912495031730421,0.25419627902415787,0.09631516646313915,-0.3689228821958349,1.3258325832583258,2.7259435364041598,0.021563609621060464,0.009664022480209714,0.009817564350437319,0.026437869776746004,1.1469756610782387
step H 1.4/1.4/1.4/1.2/1.0 below=1.3,0.17587032149763493,-0.3888477607384806,0.12810385556701415,0.10083370730937702,0.15446727403900445,-0.3888477607384806,0.25178336678556046,0.0960413501205006,-0.3612922126227929,1.3125652565256527,3.175274888558691,0.018934410221641162,0.0068930683353628786,0.00783388343977695,0.024365315945359095,1.1474608252863336
step H 1.4/1.4/1.4/1.2/1.0 below=1.0,0.1672909213401177,-0.38237184068199337,0.13017958393397755,0.09191338438883045,0.1572787319615402,-0.38237184068199337,0.24360929149056343,0.09655776864490735,-0.339390342999911,1.2727632763276329,4.523268945022287,0.009309014725528614,-0.002271612071424456,-0.001149723553972637,0.017192444614632735,1.162315229676576
step I 1.6/1.4/1.3/1.2/1.1,0.1883074550842727,-0.4000542146834536,0.12860169150161216,0.11388053529244768,0.15183318464774742,-0.4000542146834536,0.26351130204642303,0.10137307659919728,-0.38041664448033874,1.3652745274527454,4.747934621099555,0.031116697094593332,0.020194946783891984,0.011314945006082766,0.03438319640916701,1.1510227962924517
step I 1.6/1.4/1.3/1.2/1.1 below=1.3,0.1809246607088144,-0.38878102824317484,0.1282629593291271,0.10595890240958727,0.15184507962389837,-0.38878102824317484,0.25673975163691476,0.10004809876356528,-0.35676096831698134,1.3254725472547255,6.050995542347698,0.02390662923657408,0.012272162148469962,0.006579513830996586,0.029434149031928092,1.1485990863890483
step I 1.6/1.4/1.3/1.2/1.1 below=1.0,0.17230830330514824,-0.3823044103413651,0.1305082729917786,0.09699695762120286,0.15482570910995755,-0.3823044103413651,0.2485332444311954,0.10071190064551262,-0.3347037381808632,1.2856705670567057,7.398989598811294,0.014161593380290188,0.0030216125237038233,-0.0026533851904790295,0.022224472022637665,1.1646675442026968
step J 2.0/1.8/1.5/1.2/1.0,0.2152007673785603,-0.4651685519499279,0.15679680937837237,0.12456651433129706,0.1830075277069038,-0.4651685519499279,0.30793261800746463,0.12645562328214038,-0.44010149845891156,1.5994779477947796,9.125170876671621,0.04452921956246822,0.02857247180006464,0.019493945730459206,0.04791777882486453,1.3528729753384041
step J 2.0/1.8/1.5/1.2/1.0 below=1.3,0.1996229009319903,-0.38550876254340016,0.14221522959778551,0.10761441675488426,0.1565958896187883,-0.3764667777106402,0.2939706614548103,0.12522028089332027,-0.38550876254340016,1.5066066606660666,12.225557206537891,0.03570935880900644,0.013487030525283134,0.007217903801505221,0.048843104643111535,1.2484368506187387
step J 2.0/1.8/1.5/1.2/1.0 below=1.0,0.19086994991422856,-0.3716220943456525,0.14143320701901158,0.09863886906044272,0.15284510983794264,-0.35836875607192853,0.28552089569092076,0.12697340469964635,-0.3716220943456525,1.4668046804680468,13.573551263001486,0.02733661425211703,0.0048552990666629325,-0.003624410853275417,0.043323875239827364,1.242841726718726
lin+os near1.6 far1.0 d0.2 +0.3,0.20057624016775155,-0.3898466805609502,0.1268901475518214,0.13229297818357977,0.146966994474216,-0.3891850568577653,0.26916208854603796,0.10408624678391254,-0.3898466805609502,1.408205605918158,5.279572116166921,0.04426677504909565,0.03907856733242933,0.01282543530402308,0.04885427555580529,1.1387777080212238
lin+os near1.6 far1.0 d0.2 +0.5,0.20680334540632006,-0.3971319561322061,0.12838179073090628,0.14056434227005754,0.14837023870588617,-0.3940821083677485,0.273199617682957,0.10576262492381211,-0.3971319561322061,1.4338360491079791,7.005209788215221,0.04972398001020034,0.04721405976032661,0.014343521875967602,0.05349906507510824,1.1494492307264919
lin+os near1.6 far1.2 d0.2 +0.3,0.20092965908415117,-0.4389159498905698,0.14150462954660445,0.12654775743087465,0.1698106238826828,-0.4389159498905698,0.27603372973102136,0.10768073570191884,-0.4086803137125695,1.4933920535727512,4.44701068890112,0.03736159896883365,0.03137539945294136,0.014322678885592632,0.038945184586920756,1.2433527322855482
lin+os near1.6 far1.2 d0.2 +0.5,0.20633715293817323,-0.4483001788534955,0.14366399996014292,0.1337568992621072,0.1723425665766023,-0.4483001788534955,0.27948758637571425,0.10944192865718003,-0.4178538448534138,1.5183413383886109,6.133459973986755,0.04173754228392057,0.03840239104180136,0.015172535557088307,0.0424405613678048,1.258808909485502
lin+os near1.8 far1.0 d0.2 +0.3,0.21145600862933334,-0.4248954480922491,0.14094128458520197,0.13564137522472253,0.163221412995714,-0.42346037707010586,0.2880579730134458,0.11554100669998912,-0.4248954480922491,1.5183815294283347,6.014593237507476,0.04816183752929323,0.04095500501587894,0.014895730690070275,0.05235047050228414,1.2393221774869432
lin+os near1.8 far1.0 d0.2 +0.5,0.2099551183337418,-0.44086445265464147,0.14321076996685939,0.1358882870235527,0.16615693882169838,-0.42462977949874114,0.28468501580742833,0.11698357726109247,-0.44086445265464147,1.532837745388756,6.841867870634891,0.04556911914859335,0.04097877844620401,0.009455810433490475,0.04757361969985005,1.2555637736504133
lin+os near1.8 far1.2 d0.2 +0.3,0.20887706708914378,-0.45432902276582676,0.1535018219499419,0.12787718281324212,0.18195895401535095,-0.45432902276582676,0.29109591113502753,0.12002147962898498,-0.43763832030210026,1.6024769131943881,4.938285568304374,0.03970247517784381,0.03193866116778461,0.01157561412371172,0.043768949288424286,1.3292663077584386
lin+os near1.8 far1.2 d0.2 +0.5,0.208037218581842,-0.47721052699093214,0.16035043746250657,0.12886508347760128,0.19292810251977607,-0.47721052699093214,0.28827799861792025,0.12120472746844628,-0.4520159811299912,1.6137789648068332,5.606387154787068,0.0357998770100674,0.032421529765141816,0.007094502430562477,0.038376491402061313,1.3783299530467146
