,median_end,p10_end,p25_end,p75_end,p90_end,ruin,below_start,goal,yrs_to_goal,med_worst_dd,margin_call,used_margin,avg_lev,secs
static 1.3,981176.6162093179,0.0,366506.5565714822,1881018.2669817847,3213710.1374382246,10.65,42.4,50.74999999999999,4.265873015873016,-56.695256582312936,0.0,99.95,1.3000000000000234,6.122208595275879
static 1.4,1005693.0647076983,0.0,342213.31118398975,2024944.7674209143,3609320.2452897434,12.3,42.0,53.800000000000004,3.863095238095238,-59.27872696535472,0.0,100.0,1.4000000000000534,5.238531827926636
static 1.5,1021098.1535339783,0.0,311497.44681566337,2170006.1051837876,4026892.4931175653,13.55,42.0,56.699999999999996,3.642857142857143,-61.78334288146359,0.0,100.0,1.5,5.160155296325684
your ladder 1.3 -> 1.5 at -10%,1011657.5474954953,0.0,338275.459326458,2033545.103667485,3609208.9203330358,12.6,41.349999999999994,54.7,4.029761904761905,-59.27083833536192,0.0,100.0,1.4040258735952178,5.306003093719482
your ladder 1.3 -> 1.4 at -5% -> 1.5 at -10%,1009801.4141431798,0.0,329684.2255226938,2052204.8623732813,3683255.4208348575,13.0,41.699999999999996,54.85,3.9523809523809526,-59.848546119106906,0.0,100.0,1.4185534480463424,5.661645889282227
"deep dip only: 1.3 +0.4 at -20%, +0.3 more at -25% (52w)",1030839.1506199383,0.0,395258.8184333897,1949325.4896671553,3406398.171691935,10.2,40.8,52.7,4.236111111111111,-56.02490633520472,0.0,99.9,1.3092929694718274,5.789980888366699
vol target 32% (1.0-1.6x),1103484.2101129154,10392.376630138986,423263.90696640033,2180332.8342673853,3860014.295116583,9.700000000000001,37.8,56.95,3.8373015873015874,-56.87532255216152,0.0,100.0,1.4552117202150892,5.487087726593018
RECOMMENDED vol target 32% + deep dip (52w),1172440.5778471294,37494.98278845171,454435.44927246525,2303977.5943506835,4055623.753023626,9.25,35.9,58.95,3.8452380952380953,-56.10306544433803,0.0,100.0,1.4642348850585087,5.5078513622283936
safer: vol target 28% + deep dip (52w),1128607.918234115,57425.258174429444,465760.2590562418,2199036.4104504082,3769561.1825892385,8.4,36.5,57.099999999999994,4.063492063492063,-54.405650978498365,0.0,100.0,1.4037952414080406,5.832030534744263
RECOMMENDED + RSI2 boost 0.4,1256806.4526256453,17556.679788785445,455367.6479201782,2582472.1210322375,4705244.059845749,9.3,34.699999999999996,62.45,3.623015873015873,-58.32980582740894,0.05,100.0,1.5405400780314116,5.671592473983765
